GeneSymbol;FDR_BH;FoldChange
C3orf80;2,43E-11;-29,2533
CH25H;2,14E-13;-18,0443
FLG;1,29E-08;-13,5772
IL6;2,92E-07;-11,5987
C3orf80;1,17E-09;-10,3158
NRG1;4,96E-10;-9,5974
HTR1F;8,09E-06;-8,7928
LFNG;7,18E-11;-7,277
FOXS1;2,75E-09;-7,196
KRTAP1-1;3,82E-07;-7,0784
CCL7;0,0023;-6,7396
FRMD5;8,36E-08;-6,6725
LOC100506178;9,33E-07;-6,662
LOC100506178;1,98E-06;-6,4589
FLG;3,96E-08;-6,4316
FLG;4,86E-08;-6,3967
TMC7;5,12E-06;-6,3933
CLDN14;1,39E-05;-6,0547
XLOC_001228;0,0005;-5,9114
E2F7;1,24E-08;-5,9099
IER3;6,71E-11;-5,6397
LOC100508633;3,65E-07;-5,6159
KCTD4;1,49E-05;-5,4991
HBEGF;4,76E-05;-5,4955
SEMA3A;8,04E-05;-5,4247
ERMN;1,94E-06;-5,4156
BDKRB1;1,01E-06;-5,3547
COPG2IT1;4,59E-08;-5,1225
EGR2;0,0002;-5,099
XLOC_005808;5,76E-05;-4,9448
TNFRSF11B;9,75E-08;-4,919
;0,0002;-4,907
KRT16;0,0003;-4,8609
CXCL12;3,46E-06;-4,8544
RTKN2;1,53E-07;-4,8193
NFE2;0,0149;-4,7274
PLAU;1,53E-05;-4,7157
FRMD5;2,65E-06;-4,7005
XLOC_005808;8,08E-05;-4,6679
ZNF365;2,46E-06;-4,626
XLOC_005808;1,40E-05;-4,6184
LIF;8,93E-05;-4,5997
HES1;5,77E-06;-4,5419
IER3;2,13E-10;-4,4503
C16orf54;0,0001;-4,4125
SAMD12;8,71E-09;-4,4086
GREM2;2,26E-09;-4,3572
RTKN2;0,0003;-4,3207
ERMN;7,82E-05;-4,3005
FAM46C;1,36E-05;-4,2735
HAS2;3,53E-05;-4,2035
PADI1;0,0001;-4,1779
TMEM26;0,0001;-4,1286
SERTAD4;4,57E-06;-4,0909
PLAU;2,59E-05;-4,055
HS3ST1;6,28E-05;-4,0444
HEY2;0,0044;-4,0401
KCNAB1;0,0025;-4,0166
BDKRB2;3,58E-07;-4,0042
GRHL1;0,0035;-4,001
ATP8B1;4,83E-11;-3,9835
LOC285758;0,0023;-3,9623
XLOC_005811;1,05E-06;-3,9323
AMIGO2;9,72E-05;-3,9292
MYBPH;0,0256;-3,9142
XLOC_l2_006399;1,96E-06;-3,9067
HGF;0,0005;-3,8869
XLOC_004626;0,0032;-3,8867
ZNF365;1,19E-06;-3,8757
XLOC_012848;0,003;-3,8741
XLOC_004772;0,0006;-3,8596
RFX2;3,32E-09;-3,8529
LOC100129171;2,79E-05;-3,8182
KIAA1671;6,35E-07;-3,7971
MYLK;8,83E-06;-3,7885
PLK2;4,56E-09;-3,7685
LOC100506013;0,0027;-3,7298
PODXL;1,26E-08;-3,7235
LOC730755;0,0009;-3,7212
SOX9;9,30E-08;-3,7066
GPR68;2,99E-05;-3,7053
ENC1;6,25E-07;-3,7018
CCL2;9,11E-05;-3,7004
KRT19P2;9,05E-05;-3,6355
XLOC_l2_013513;0,0293;-3,6088
LOC100507254;0,0053;-3,58
CACNB4;1,26E-05;-3,5729
XLOC_004350;4,02E-07;-3,5703
LOC441956;0,0023;-3,5212
GAP43;0,0027;-3,5196
;6,53E-07;-3,512
MSC;4,73E-06;-3,4861
FBXO16;0,0002;-3,4801
IL11;0,0018;-3,4287
CCRL1;0,012;-3,4024
MAMLD1;1,95E-09;-3,402
LOC100507193;6,88E-05;-3,4013
GREM1;0,0054;-3,366
SSTR2;0,0352;-3,3645
MBP;0,0001;-3,3621
THSD1;0,0025;-3,3594
LOC285758;3,15E-07;-3,3309
LOC149773;0,0005;-3,3308
IL12A;0,0027;-3,3236
;1,30E-06;-3,2987
CNIH3;0,0009;-3,2904
LDB2;6,88E-07;-3,2822
CDKN2B;2,89E-05;-3,2764
XLOC_009398;0,0013;-3,269
PDGFA;5,23E-05;-3,267
VCAM1;1,29E-05;-3,2643
DCAF4L2;0,0008;-3,2558
RRAD;0,0003;-3,2468
XLOC_013952;0,0002;-3,2394
KIAA1671;0,0013;-3,2341
NR1D1;1,06E-05;-3,2336
ARHGAP28;0,0015;-3,2232
ERMN;0,0016;-3,2223
NGF;2,57E-06;-3,2212
C10orf55;0,001;-3,2147
IL15RA;0,0003;-3,1945
ATF3;0,0027;-3,1851
C15orf54;0,0044;-3,1829
TNFAIP6;4,98E-07;-3,1793
GDF15;0,0118;-3,1793
CHST15;4,40E-08;-3,1789
NRG1;0,0001;-3,1684
XLOC_003202;0,0001;-3,1642
DKK2;0,0108;-3,15
ROBO4;0,0016;-3,1434
;0,0016;-3,1433
ZNF474;0,0107;-3,1259
SDPR;0,0181;-3,1252
FMN2;0,0027;-3,1218
MGC4294;0,0002;-3,1205
HAS3;0,0026;-3,1188
;3,15E-06;-3,1102
XLOC_l2_012605;0,0316;-3,0956
LOC100287482;0,0008;-3,0889
KRT18P55;8,51E-07;-3,0849
LOC100505908;0,0473;-3,0797
RAB7B;0,0003;-3,0783
C7orf69;0,0003;-3,0744
LOC285419;0,0003;-3,0648
SHISA2;0,0062;-3,0537
FAM176A;1,86E-06;-3,05
LOC100506178;1,80E-05;-3,0376
TCF7;1,46E-05;-3,0375
CLDN1;0,0166;-3,0204
RHOJ;3,98E-05;-3,019
NCKAP5;3,26E-05;-3,0067
PTHLH;0,0015;-3,0048
KRT80;0,0015;-3,0015
PKNOX2;0,0036;-3,0004
ADORA1;6,21E-05;-2,995
C17orf76;0,0005;-2,9917
SAMD3;0,0012;-2,9873
SLC14A1;0,0044;-2,9806
SAMD3;6,49E-05;-2,9763
AFF3;0,0158;-2,9653
KRT18;8,42E-07;-2,9643
CYTIP;0,0355;-2,9638
IRF1;1,18E-09;-2,9635
MYBL1;0,0106;-2,9563
GATA6;3,86E-07;-2,9559
AMZ1;0,0135;-2,9541
PCDH19;0,0001;-2,9528
BLID;0,0004;-2,9502
KRT14;0,0187;-2,9408
XLOC_004058;0,0032;-2,9386
;0,0105;-2,938
KRT16P2;0,0029;-2,9356
XLOC_l2_012605;0,012;-2,9344
NTM;0,0335;-2,9336
KIAA1671;9,30E-10;-2,9306
;3,29E-05;-2,9244
LDB2;4,96E-08;-2,9037
TNFSF9;4,18E-09;-2,901
TRGV7;0,0026;-2,901
;0,0253;-2,8924
EGF;0,0098;-2,8903
HKDC1;0,0032;-2,8855
KALRN;0,0003;-2,8843
LOC100507254;0,0151;-2,8742
FAM133A;2,27E-05;-2,874
PHLDB2;0,0007;-2,8686
DNM3;0,0278;-2,8601
CISH;0,041;-2,8577
LOC255167;0,0199;-2,8309
SYNJ2;9,53E-07;-2,8299
;0,0006;-2,8232
C7orf58;0,0021;-2,8165
ARHGAP28;0,0002;-2,8082
;0,0001;-2,8009
XLOC_002925;0,0009;-2,7989
SLITRK6;0,0015;-2,7944
;0,0007;-2,7919
IL6;0,0143;-2,7914
LZTS1;2,52E-05;-2,7898
XLOC_l2_002761;0,0042;-2,7846
KRT18;2,91E-06;-2,784
EXTL1;0,0002;-2,768
LOC100506668;0,0027;-2,765
RCOR2;3,73E-05;-2,7642
TUBA4A;9,11E-05;-2,7556
LOC100507145;0,0111;-2,7528
FAM107B;2,54E-07;-2,7384
TNIK;0,0173;-2,7353
LRRTM2;0,0032;-2,7352
LOC149773;0,0003;-2,7295
ZBED2;0,0233;-2,7251
LRRN4CL;7,35E-05;-2,722
BHLHE41;0,0001;-2,7217
INHBA;7,18E-06;-2,719
MICALCL;0,0444;-2,7096
CASP1;0,0004;-2,708
EPGN;0,015;-2,7073
TUBA4A;0,0001;-2,6873
TGFB3;0,0039;-2,6737
LOC255167;0,0267;-2,6732
KRT34;0,0115;-2,6661
GLIS2;2,10E-07;-2,6601
GPER;0,0005;-2,6599
XLOC_013868;0,0009;-2,6555
MALL;0,0078;-2,6463
XLOC_008795;0,0124;-2,6391
;5,22E-05;-2,6388
JUN;1,33E-05;-2,6321
KIAA1671;3,12E-06;-2,6308
ANKRD37;2,35E-05;-2,6278
LOC100506718;7,84E-06;-2,6102
LOC643733;0,0008;-2,6092
SOBP;0,0126;-2,604
LOC100128893;0,0018;-2,603
LOC643733;0,0002;-2,5986
WDR63;3,12E-06;-2,593
MIR100HG;3,13E-05;-2,5844
XLOC_006009;0,0007;-2,5808
XLOC_008795;0,0144;-2,5797
XLOC_003200;0,0187;-2,5781
LOC149773;5,15E-05;-2,5729
SMCR7;0,0194;-2,5726
THSD1;1,58E-08;-2,5668
LOC283404;0,0277;-2,5659
RGS3;1,15E-08;-2,5656
LETM2;0,0042;-2,5648
SGK223;0,001;-2,5636
LCTL;0,0002;-2,5631
ARVCF;2,03E-08;-2,5616
XLOC_009790;0,034;-2,5549
MYBL1;0,0003;-2,5549
Q9RWL9;0,0003;-2,5518
RTP4;4,79E-05;-2,5486
XLOC_l2_011983;0,011;-2,5483
KRT19;0,0002;-2,5446
CREB5;0,0046;-2,5443
ATF3;0,0137;-2,543
NCF2;0,0044;-2,543
NRG1;0,0011;-2,5334
BHLHE40;2,08E-09;-2,5327
C21orf7;0,0014;-2,5301
XLOC_004626;0,0063;-2,5292
CXXC5;8,69E-09;-2,5259
MDFI;0,0051;-2,5204
IGF2BP3;0,0339;-2,5071
FRMD4A;0,0001;-2,5041
CCDC85C;3,73E-08;-2,5009
PER3;0,008;-2,5006
TRERF1;4,96E-06;-2,4952
SOX6;0,0034;-2,4879
FRMD4A;2,56E-05;-2,4871
GPRC5A;0,0351;-2,4862
XLOC_006009;0,0017;-2,4833
PDGFA;0,0002;-2,4796
CYFIP2;0,0054;-2,4753
SPRED3;0,0252;-2,4708
DOK7;0,0096;-2,4706
ARVCF;2,12E-05;-2,4705
IRAK2;0,0076;-2,4679
AP1S3;0,0293;-2,4658
LOC283143;0,0368;-2,4648
GPER;0,0006;-2,4623
FAM107B;6,86E-07;-2,4617
KCNN4;0,0017;-2,4595
TRIL;0,0104;-2,4582
MAGI1;0,0012;-2,4581
FMN2;2,58E-06;-2,4423
STX1B;0,0016;-2,4406
KIF26B;9,61E-05;-2,4398
FGFR2;0,0073;-2,4391
ARL4C;4,42E-05;-2,4387
FAM107B;3,81E-05;-2,4243
XLOC_l2_001947;0,0095;-2,424
RASA1;5,87E-06;-2,422
FAM102B;0,0179;-2,4109
P2RY2;0,0007;-2,4109
ADC;0,0001;-2,4106
LOC285943;0,0003;-2,4071
PALMD;0,0019;-2,3974
LOC100134259;0,0002;-2,3971
FAM176A;9,28E-06;-2,3948
FLJ45248;8,61E-06;-2,3906
NEK7;0,0325;-2,3901
AP1S3;0,0346;-2,3845
ARHGAP22;0,0004;-2,3812
LXN;0,0004;-2,3806
SIPA1L2;2,68E-05;-2,38
LOC100507254;0,0327;-2,3787
SYNJ2;0,0054;-2,3757
IFIT2;0,0404;-2,3682
LOC100507420;4,19E-05;-2,3652
FAM86B1;0,0003;-2,3641
LOXL4;0,0004;-2,364
XLOC_001846;0,0035;-2,3576
PLK3;1,04E-05;-2,3551
AHRR;8,40E-07;-2,3534
PDIK1L;0,0263;-2,3515
INPP4B;3,59E-05;-2,3483
RGS16;0,0235;-2,3437
KIAA1644;0,0458;-2,3397
XLOC_011753;0,0002;-2,3383
FAM101A;0,0041;-2,3383
TMEM92;0,0205;-2,3377
KCNJ15;0,0047;-2,3369
DIRC3;0,0095;-2,3365
TRERF1;0,0022;-2,3358
IFIT2;0,0011;-2,3347
PTGIR;6,52E-05;-2,332
ARMC9;3,30E-06;-2,3296
CD70;0,0239;-2,3206
DACT1;0,0151;-2,3191
ZMIZ1;1,83E-09;-2,3173
SLC14A1;0,0206;-2,3154
TMEM200A;3,65E-07;-2,3118
CDH1;0,0153;-2,3061
KLF2;0,0054;-2,3018
MSR1;0,044;-2,2982
XRCC4;0,0027;-2,2928
RASSF9;0,0003;-2,2916
KLF10;0,0004;-2,2909
RBM24;0,0363;-2,2896
;0,0032;-2,2864
LOC100287482;0,0134;-2,2863
STEAP2;0,0224;-2,2843
DOCK4;1,64E-06;-2,2815
FZD7;5,75E-05;-2,2766
LOC283050;0,0003;-2,2721
MARCKS;3,31E-07;-2,2706
FLJ34503;0,0377;-2,2647
XLOC_002736;0,0205;-2,2646
XLOC_001846;0,0025;-2,2645
TNFAIP2;8,73E-08;-2,2642
KCNJ18;0,04;-2,2593
ST8SIA1;8,78E-08;-2,2546
XLOC_l2_006021;0,045;-2,2544
FLRT3;0,0095;-2,2535
FAM113B;2,98E-05;-2,2508
VEGFA;0,0002;-2,2468
XLOC_003202;0,0342;-2,2467
SALL4;0,005;-2,2463
Q2I700;0,0107;-2,2445
CASC1;0,0338;-2,2439
RNF180;0,03;-2,2438
XLOC_013788;0,0459;-2,2415
GBP3;1,66E-07;-2,2392
NHS;2,12E-07;-2,2384
KLHL13;0,0021;-2,2377
LOC100507254;0,0221;-2,2349
NUMB;0,0159;-2,2319
FGF2;0,0013;-2,2291
CDON;1,21E-05;-2,2271
FILIP1L;0,0002;-2,227
XLOC_001460;0,0197;-2,2247
ZSCAN16;0,0107;-2,224
PRDM16;2,09E-05;-2,2192
XLOC_007116;0,023;-2,215
SMAD3;1,71E-05;-2,211
PART1;0,0271;-2,2109
MIR137HG;0,0026;-2,2101
ARMC9;3,15E-06;-2,2097
RALGPS1;0,0414;-2,2092
LOC285419;0,0199;-2,2082
JAG1;0,0001;-2,2026
MIAT;0,0464;-2,2018
C5orf56;0,0003;-2,2007
FGF1;0,0138;-2,1953
;0,0348;-2,1897
XLOC_006846;0,0423;-2,1858
MYOZ3;0,0094;-2,1844
SYNPO;6,71E-05;-2,1838
LOC100287765;0,0386;-2,1837
DRAM1;1,11E-07;-2,1816
SNAI1;1,61E-06;-2,1795
SYT12;0,0076;-2,1781
MYEF2;0,0008;-2,1767
SLC14A1;0,0262;-2,1759
NEDD4L;0,0021;-2,1754
KDM1B;0,0339;-2,1677
CCNJL;0,015;-2,1647
LOC440028;0,0052;-2,1643
CD200;0,0032;-2,1635
NET1;4,65E-05;-2,1633
MAGI1;6,30E-06;-2,1624
CARD10;6,32E-07;-2,1601
GLS;0,0017;-2,1597
SPEF2;0,0062;-2,1582
LOC149773;0,0007;-2,1545
AP1S3;0,0007;-2,1536
TIMP3;3,08E-05;-2,1507
MAP3K9;0,0353;-2,1473
DOK5;6,07E-07;-2,1472
;0,0001;-2,1445
ANK3;1,48E-06;-2,1444
FLJ45248;0,0003;-2,1442
;0,0014;-2,143
TRIM6;0,0003;-2,1372
UACA;6,21E-05;-2,1335
CTLA4;0,0421;-2,1325
;0,0356;-2,1323
MIR143HG;0,005;-2,132
IER2;4,96E-08;-2,1315
KIAA1644;0,0002;-2,1313
LOC149773;0,02;-2,1306
XLOC_003546;0,044;-2,1303
;0,0212;-2,1301
;0,0049;-2,1287
DUSP10;1,83E-05;-2,1282
PNKD;0,0464;-2,1279
DCBLD2;0,009;-2,1258
RFX8;0,033;-2,1253
LOC100134259;0,0011;-2,1245
RGS4;0,0083;-2,1245
TUFT1;0,0327;-2,1245
MRGPRF;4,08E-05;-2,1242
TGM1;0,0136;-2,1229
IER5L;3,69E-09;-2,1195
LOC100128035;0,0165;-2,1165
;0,0084;-2,1158
ZFPM2;5,53E-05;-2,1136
CRABP2;0,0037;-2,1088
C5orf56;7,18E-10;-2,1072
ARID5A;5,90E-08;-2,1067
ANK2;0,0451;-2,1065
TMPO;0,0115;-2,1041
P2RY6;0,0009;-2,1038
RIPK4;0,0039;-2,102
;0,0394;-2,099
ARHGAP42;6,15E-05;-2,0972
PRIM2;0,0321;-2,095
SLC4A7;0,0001;-2,0921
HTRA3;0,0346;-2,0906
FGF2;0,0027;-2,0901
XLOC_000246;0,0338;-2,0881
LOC100287765;0,0296;-2,0851
LOC100506532;0,0135;-2,0848
FAM25A;0,0411;-2,0847
ADAM20;0,0151;-2,0838
TMEM133;0,0027;-2,0804
THBS2;0,0017;-2,0799
MAP3K14;1,56E-05;-2,0775
TPST2;2,50E-07;-2,076
C1orf133;0,0009;-2,0717
SH2B3;0,0004;-2,0706
PKIA;9,87E-05;-2,0702
CEP170;0,0036;-2,0691
XLOC_002871;0,0294;-2,0671
XLOC_007370;0,0263;-2,0639
XLOC_l2_015632;0,0327;-2,0621
KRTAP2-2;0,0263;-2,0612
BEX2;0,0159;-2,0609
CXorf57;0,008;-2,0604
FLJ43879;0,0258;-2,0598
RCAN1;0,0021;-2,0488
DYRK2;1,22E-06;-2,048
FCGR2A;0,0295;-2,0476
LOC338758;0,0471;-2,047
DAAM1;9,23E-05;-2,0461
ADAMTS3;0,0402;-2,044
HYDIN;0,0491;-2,0432
SCHIP1;0,0139;-2,0429
ADAMTSL1;0,041;-2,0421
IFFO2;1,55E-09;-2,0396
PRKCE;0,0067;-2,0383
TNFRSF25;0,035;-2,0376
DCBLD2;0,0022;-2,0374
PPP1R3C;0,0011;-2,0367
LOC283484;0,0435;-2,0336
DUSP14;1,44E-05;-2,0277
XLOC_l2_000297;3,59E-05;-2,0275
CDC42EP2;0,002;-2,0272
ADC;2,48E-05;-2,0264
TNFRSF12A;0,004;-2,0264
XLOC_003547;0,0491;-2,0261
EPHB3;5,93E-05;-2,0245
CADM1;0,0009;-2,0245
LRRC4C;0,0443;-2,0238
OSBPL3;1,26E-05;-2,018
SYTL2;0,0143;-2,0173
CAMK1D;0,0001;-2,0149
FLRT2;0,0012;-2,0144
LGR4;0,0003;-2,0137
CD83;0,0027;-2,0136
UNC5B;0,0145;-2,0118
XLOC_010881;0,0478;-2,0065
DACT3;2,17E-05;-2,0062
XLOC_005435;0,036;-2,0048
NUAK1;0,0013;-2,0045
FLJ37644;0,0238;-1,9997
ZNF664-FAM101A;0,0021;-1,9962
ARRDC4;0,0003;-1,993
XLOC_000266;0,0224;-1,9896
DTWD2;4,93E-06;-1,9887
KIAA1199;0,0004;-1,987
SUGT1P3;0,0131;-1,9841
CSF1R;0,0008;-1,9811
XLOC_006009;0,0422;-1,979
ELOVL2;0,0472;-1,9788
NET1;0,0009;-1,9768
XLOC_007054;0,0037;-1,9736
AJUBA;0,0054;-1,9736
RAP2B;0,0002;-1,9675
FAM126A;0,0066;-1,9655
;0,0476;-1,9617
MAP2K3;6,83E-06;-1,9581
GPER;0,0166;-1,9576
BMP4;0,0001;-1,9572
IQCD;5,13E-06;-1,956
CIB3;0,018;-1,9559
MIR143HG;0,0108;-1,9535
RIN2;5,07E-05;-1,9506
XLOC_011344;0,0345;-1,9501
LOC149773;0,0019;-1,9501
TMEM51;0,0106;-1,9481
TUBA4A;0,0011;-1,9459
DLEU1;5,06E-07;-1,9447
TIAM1;0,0036;-1,9434
MAP2K3;1,47E-06;-1,9419
DPF3;0,0238;-1,9413
KALRN;0,0339;-1,9383
ARSI;0,0144;-1,9343
FLJ42875;0,04;-1,9329
CCIN;0,0012;-1,9293
BCL3;3,45E-05;-1,9276
ATP2B1;0,0006;-1,9269
IQCJ-SCHIP1;0,0034;-1,9264
GBP3;0,0001;-1,9242
ARHGEF3;0,0041;-1,9238
CCDC147;0,0491;-1,9209
;0,001;-1,9206
TRAF3;5,58E-06;-1,9197
APOBEC3G;1,03E-05;-1,9195
;0,0008;-1,9169
DDX60;0,0007;-1,9148
MBOAT7;0,0026;-1,9131
EHD1;1,89E-06;-1,9122
MMP11;0,0054;-1,91
RAB30;2,11E-05;-1,9084
IFIH1;0,0031;-1,9078
XLOC_004049;0,0077;-1,9073
PYCRL;0,0338;-1,9048
KIAA1199;0,0016;-1,9046
TBC1D2;3,82E-07;-1,9039
CORO2A;0,0029;-1,9039
XLOC_004049;0,0025;-1,9032
CSRNP1;0,0237;-1,903
XLOC_l2_014196;0,0174;-1,9029
SOCS5;2,20E-07;-1,9024
SAMD9L;2,46E-06;-1,9023
FAM86C2P;0,0017;-1,9018
NEK10;0,0077;-1,9017
XLOC_004049;0,022;-1,9011
CABLES1;0,0008;-1,9
LOC100509315;0,0246;-1,8978
SAMD9L;2,76E-06;-1,8963
LIMA1;4,46E-08;-1,8952
KIAA1671;1,08E-06;-1,8949
MICAL3;0,034;-1,892
AGSK1;0,0029;-1,8887
FIGNL2;0,0007;-1,8871
XLOC_009813;0,019;-1,8869
LRIG1;0,0165;-1,8868
MPRIP;0,0032;-1,8856
VDR;0,001;-1,8854
LOC100505933;0,0009;-1,8836
SCN8A;0,0082;-1,8819
RIN1;5,36E-06;-1,8793
SNX25;0,0001;-1,8769
SERTAD2;3,36E-07;-1,8731
TRIM45;0,0003;-1,8729
STMN3;0,0016;-1,8721
SNTB1;0,0026;-1,8703
NOTCH1;2,57E-06;-1,87
MIR100HG;3,89E-07;-1,8691
MEX3A;0,0004;-1,8683
MYO5B;0,012;-1,868
E2F5;0,0089;-1,8662
PTGER1;0,0111;-1,8653
DDX60L;8,58E-08;-1,8598
LOC100652760;0,0003;-1,8591
C3orf23;0,0342;-1,8537
TMEM217;1,52E-05;-1,851
MB;0,0146;-1,8506
XLOC_004598;0,0175;-1,8502
NGEF;0,0076;-1,85
SH3RF1;0,0177;-1,8493
PRR7;8,23E-05;-1,8477
ARHGEF40;4,24E-07;-1,8475
TRIB1;0,0328;-1,845
PTGIS;0,0234;-1,8389
EFNB1;0,0004;-1,8377
LOC100652887;0,0267;-1,8375
FST;0,0002;-1,835
PDE5A;0,0033;-1,8307
XLOC_001148;0,0368;-1,8286
LOC100131234;0,0499;-1,8261
FMN2;0,0014;-1,8261
C1orf190;0,0016;-1,826
XLOC_004598;0,0155;-1,819
LOC388242;0,0267;-1,8184
ICAM4;0,0322;-1,8179
RCC2;0,0003;-1,8178
CAMK1D;9,33E-05;-1,8136
FAM200B;0,0034;-1,8128
ABCB1;0,0451;-1,8116
SOX11;0,005;-1,8113
CDC42EP1;0,0012;-1,8105
EXT1;3,16E-07;-1,8068
PNP;0,0135;-1,806
ACVR2A;0,0197;-1,8058
XLOC_008251;0,0252;-1,8055
MAP2K3;2,64E-05;-1,8052
IPW;0,0379;-1,805
TLR3;0,0024;-1,8023
STAT4;0,0024;-1,8015
SHB;1,21E-05;-1,7991
NBEAL2;0,0414;-1,7975
MYLK;0,0024;-1,7967
SEPT5;0,0197;-1,7953
LIMD1;0,0001;-1,7951
ADAMTS5;0,0338;-1,7951
TAS1R1;0,0416;-1,7939
WWTR1;0,008;-1,7936
LOC100129072;0,0055;-1,791
PRPS1L1;0,004;-1,7893
ALDH1B1;0,0249;-1,788
ALS2;0,0225;-1,786
UGCG;7,69E-05;-1,7844
CTNNAL1;2,61E-05;-1,7838
SCN8A;0,0061;-1,7829
PRPS1;0,0008;-1,7829
ZNF697;0,0001;-1,7819
VEGFC;1,19E-06;-1,7795
THNSL1;0,0027;-1,7759
;0,0018;-1,7756
STAMBPL1;0,0013;-1,7751
LOC100132891;0,0027;-1,774
C11orf41;0,0028;-1,774
NRP1;0,0105;-1,7704
VEGFA;0,0003;-1,7698
FGF1;0,0344;-1,7678
CCDC34;0,0135;-1,7676
NEK7;0,0003;-1,767
CTNNAL1;0,011;-1,7657
PVT1;0,041;-1,7635
PDGFC;1,43E-05;-1,7621
IRF2BPL;0,0013;-1,762
MIR143HG;0,0167;-1,761
PRPS1;0,011;-1,7606
FERMT1;0,0175;-1,7576
CCND1;0,0021;-1,7575
SLC2A3;0,034;-1,7565
MOK;0,0023;-1,7564
FHOD3;0,0003;-1,755
NAV1;0,0015;-1,7548
SLC4A4;0,0002;-1,7541
XLOC_l2_008976;0,0313;-1,754
GBP1;0,0224;-1,7524
TRIB2;0,0158;-1,7513
MYLK;0,0011;-1,7494
TNFRSF10A;0,0006;-1,7472
FAM113B;0,0045;-1,7471
KGFLP1;0,0318;-1,7468
MLLT11;0,0087;-1,7468
AFAP1;0,0031;-1,7465
LOC283070;0,0003;-1,7459
PGF;0,01;-1,7443
LMNA;7,18E-05;-1,7438
FHOD1;0,0036;-1,7422
;0,0157;-1,7407
NRIP3;0,002;-1,7395
HOXB3;0,0113;-1,7384
FAM86FP;0,0061;-1,7383
NMNAT2;0,0033;-1,7376
XLOC_000933;0,0315;-1,7369
DOCK10;0,0076;-1,7365
TAP2;0,0001;-1,7343
LPHN2;9,86E-06;-1,7338
ETV7;0,0246;-1,7324
NMI;4,52E-07;-1,7312
WDR4;0,048;-1,7302
CORO2B;0,0002;-1,7279
DAB2IP;0,0002;-1,7274
TUBA3C;0,0062;-1,7253
RAPH1;0,036;-1,7245
C12orf70;0,0272;-1,724
SMURF2;0,0071;-1,7228
EML4;9,85E-05;-1,7219
FAM200B;0,0044;-1,7217
SPEF1;0,011;-1,7206
SCFD2;0,0012;-1,7198
LOC100653147;0,0022;-1,7198
BACH1;0,0008;-1,7191
FGF7;0,0336;-1,7173
LRRC32;0,0038;-1,7161
KALRN;0,0384;-1,7141
EXOC6;0,0004;-1,7118
TMCO7;0,0002;-1,7109
SPNS2;0,007;-1,7095
MOV10;0,0344;-1,7086
VTRNA1-3;0,0285;-1,7067
LOC100507461;0,0228;-1,7035
ZNF323;0,0109;-1,7028
ZNF643;0,0258;-1,7025
LOC388948;0,0062;-1,7022
RIN3;0,0011;-1,7
OSBPL3;7,21E-06;-1,6953
TMEM120B;0,0447;-1,6952
ZNF423;0,0011;-1,6936
RAI14;0,0004;-1,6917
PRICKLE1;0,0341;-1,6917
PDE4B;0,0073;-1,6906
EML4;0,0003;-1,6905
CCDC121;0,0025;-1,6898
MSX1;0,0026;-1,6884
FLJ42875;0,0082;-1,6877
CSRNP1;0,0338;-1,6873
;0,0023;-1,6853
RCC2;2,26E-05;-1,6827
;0,0004;-1,6806
PLXNA1;0,0003;-1,6792
PART1;0,0073;-1,6765
TMEM177;1,59E-05;-1,6738
LRRC34;0,0011;-1,6737
PSMB9;0,0008;-1,6733
NAV1;0,0005;-1,671
PLEKHG4;0,0316;-1,6706
HOXA3;0,0009;-1,6702
CHST13;0,0228;-1,6701
DYX1C1;0,0033;-1,668
C11orf70;0,0006;-1,6679
RARA;0,0007;-1,6679
DIDO1;0,0009;-1,6671
LOC727916;0,0003;-1,6653
GLS;0,0151;-1,663
DNM3OS;0,0007;-1,6612
NAP1L3;0,0045;-1,6608
MPRIP;0,009;-1,6605
FAM200B;0,01;-1,66
LINC00346;0,0167;-1,6595
ATP13A3;0,0004;-1,6581
FLYWCH1;0,0341;-1,6566
DISC1;0,0034;-1,6561
FOXP1;0,0055;-1,6547
PHLDA2;0,0469;-1,6529
LOC100506136;0,031;-1,65
SYNPO;0,0001;-1,6464
PNPT1;0,0331;-1,6461
LMO7;0,0357;-1,6453
FOXP1-IT1;0,0459;-1,6441
TMEM217;0,0078;-1,6438
LPHN2;0,0205;-1,6414
SLC22A23;0,029;-1,6406
ITGB8;0,0378;-1,6401
RARG;0,001;-1,6384
FLJ10661;0,0062;-1,6374
DOPEY2;0,0036;-1,6361
SRSF7;0,0011;-1,634
GDPD5;0,0151;-1,6333
HRH1;0,0006;-1,6332
EPHA2;0,0006;-1,6319
TRIM47;0,0007;-1,6319
TTC30A;0,0379;-1,629
CEP170;0,0025;-1,6268
MICAL2;0,0031;-1,6266
;0,0453;-1,6236
BAIAP2;0,0085;-1,6236
FAM126A;0,0063;-1,6235
RGMB;0,0379;-1,6215
KIAA1462;0,0151;-1,6204
NR1D2;0,0276;-1,6179
MIR143HG;0,0287;-1,6173
SERINC5;0,0002;-1,6158
ZNF70;0,0036;-1,6157
CAP2;0,0293;-1,6155
BCOR;0,0277;-1,612
LACC1;0,006;-1,6119
PKP3;0,0181;-1,6118
ASPHD2;0,0068;-1,61
NR1D2;0,0472;-1,6093
C10orf2;0,0151;-1,6079
MAPRE2;0,0028;-1,6075
HCG18;0,0075;-1,6071
ASB1;0,0021;-1,6064
LOC729059;0,0339;-1,6063
MNS1;0,0055;-1,6051
XLOC_l2_005194;0,0165;-1,605
APOBEC3F;0,0006;-1,6036
DLC1;0,0133;-1,5996
WLS;0,0036;-1,5973
PARP9;0,0054;-1,5971
TEK;0,0366;-1,5941
GREM1;0,0499;-1,594
ADCY4;0,0006;-1,5931
XLOC_l2_009441;0,0015;-1,5931
DAB2;0,0052;-1,5901
NEDD4L;0,0181;-1,5883
;0,0017;-1,588
GABRE;0,0325;-1,5845
NDST1;0,0054;-1,5837
SEMA7A;0,039;-1,5833
SNX25;0,0017;-1,579
KIRREL;8,14E-05;-1,5785
CDH11;0,0233;-1,5785
NT5E;0,0394;-1,5782
ANP32A;0,0159;-1,5777
ATP13A2;0,0113;-1,5747
LPHN2;0,0003;-1,5744
GLS;0,0494;-1,5743
DNAJC27;0,0339;-1,5737
PIH1D2;0,0021;-1,5736
PLD6;0,0132;-1,5725
PITX2;0,0291;-1,5711
ISYNA1;0,0233;-1,5709
PPARD;0,0261;-1,5697
LMNA;0,0002;-1,5693
TLE3;0,0232;-1,5665
HPCAL1;0,0008;-1,5659
DLX1;0,0098;-1,5656
RGN;0,0343;-1,5645
GPRASP2;0,0003;-1,5644
TP53;0,0052;-1,564
MOK;0,0119;-1,5638
KIAA0754;0,0322;-1,563
PARP14;0,0005;-1,5627
HCG18;0,0049;-1,5624
ANP32C;0,0185;-1,5602
;0,0339;-1,5593
ZDHHC14;0,0121;-1,5591
HSPA1A;0,0146;-1,5587
P51957;0,0374;-1,558
BYSL;0,0014;-1,5571
HIVEP3;0,0151;-1,5556
ESR1;0,0115;-1,555
FOXD1;0,0002;-1,554
S100A2;0,0129;-1,5509
PPFIBP1;0,0153;-1,5506
CEP170;0,0179;-1,5474
HCG18;0,0131;-1,5443
ISYNA1;0,0281;-1,544
XLOC_001625;0,0097;-1,5432
LOC100507239;0,0175;-1,543
ZNF566;0,0336;-1,5424
TRDMT1;0,0191;-1,5407
EN1;0,0051;-1,5406
RG9MTD2;0,0343;-1,5403
LPCAT4;0,0119;-1,5403
CDKN1A;0,0037;-1,5396
ITGAM;0,0095;-1,5388
CEP41;0,0009;-1,5384
HSPA12A;0,0008;-1,5377
MIRLET7BHG;0,0009;-1,537
XLOC_004598;0,0333;-1,5363
THEM4;0,023;-1,5355
TRIM21;0,0039;-1,5343
HCG18;0,0135;-1,5333
SLC25A22;0,0165;-1,5332
FAM26D;0,0177;-1,533
FGD6;0,0177;-1,5326
RELB;0,0042;-1,5306
LARP6;0,0027;-1,5305
PNN;0,0309;-1,5292
HAS2-AS1;0,0427;-1,528
IL4R;0,0008;-1,5262
PPIP5K1;0,0283;-1,5255
LOC100653149;0,0031;-1,5236
RCHY1;0,0105;-1,5221
SLC2A14;0,0187;-1,5217
XLOC_004775;0,0126;-1,5195
ZMYND15;0,0108;-1,5191
OCIAD2;0,0343;-1,5184
CASP10;0,0086;-1,5181
KLLN;0,0115;-1,5178
ROBO3;0,0053;-1,5178
SNAPC5;0,0459;-1,5176
LOC100507347;0,0118;-1,5164
MAPRE3;0,0421;-1,5163
FAM102A;0,0009;-1,5157
TNS1;0,0339;-1,5142
ARHGEF10L;7,95E-05;-1,5119
LOC400043;0,011;-1,5113
METTL21A;0,0001;-1,5106
C3orf52;0,0234;-1,5105
LOC541471;0,0472;-1,5092
MICALL2;0,0003;-1,5086
FLVCR1-AS1;0,0099;-1,5085
C17orf51;0,0054;-1,5077
ZNF77;0,0464;-1,5073
FLJ33996;0,0042;-1,5072
HCG18;0,0051;-1,5063
DYRK3;0,0002;-1,5045
FUS;0,033;-1,5043
HEATR5A;0,0004;-1,5042
PARP8;0,0402;-1,5035
HIVEP1;0,0151;-1,5028
PMEPA1;0,034;-1,502
SRSF7;0,0404;-1,5012
SLC29A1;0,0394;-1,5006
FRMD6;0,0006;-1,4982
SPHK1;0,0046;-1,4979
PABPC4L;0,0193;-1,4976
C19orf55;0,0374;-1,4974
ANP32A;0,0005;-1,4956
MYOF;0,035;-1,4956
EPDR1;0,0115;-1,4956
ZNF668;0,0062;-1,4943
IRX3;0,0272;-1,4934
DLEU2L;0,01;-1,493
RBM12;0,0263;-1,4924
ADAM19;0,0457;-1,4918
PRRX2;0,0122;-1,4915
RBM12;0,0343;-1,4875
;0,0043;-1,4861
IRX5;0,0005;-1,4844
KIAA1609;0,0289;-1,4838
XLOC_000166;0,0023;-1,4832
LIMS3L;0,0168;-1,4831
BCOR;0,0155;-1,4831
TRAF3IP2-AS1;0,0406;-1,4818
FANK1;0,0265;-1,4794
IMMP1L;0,0151;-1,4793
NCS1;0,0014;-1,479
NRBF2;0,0092;-1,479
NME5;0,0106;-1,4787
LPCAT2;0,0112;-1,4784
PARP12;0,0072;-1,4769
MIRLET7BHG;0,0054;-1,4765
ARHGAP31;0,0024;-1,4755
ZNF624;0,001;-1,475
TSPYL4;0,0012;-1,473
XLOC_004620;0,0484;-1,4726
SNAR-H;0,0379;-1,4725
XLOC_l2_008203;0,041;-1,4724
LOC100293516;0,012;-1,4714
LRP12;0,0025;-1,4687
CDH11;0,0212;-1,467
SMTN;0,0442;-1,4669
UBA7;0,0185;-1,4666
ADAM12;0,039;-1,4661
LOC401320;0,0428;-1,4661
STK40;0,0012;-1,4659
SH3BP5;0,0017;-1,4597
HCG18;0,0151;-1,4587
ZFYVE28;0,0237;-1,4586
BBC3;0,0076;-1,4579
ATP1A1OS;0,0413;-1,4563
KIAA0922;0,0069;-1,4552
CDK5;0,0352;-1,4552
FAM86B2;0,001;-1,4527
RTTN;0,033;-1,4503
C17orf97;0,0006;-1,4495
RARRES3;0,0145;-1,4495
NTN4;0,0424;-1,4484
LOC401431;0,0428;-1,4479
CCDC85B;0,0384;-1,4461
NAP1L5;0,0008;-1,4453
HOXA2;0,0477;-1,4447
PPIL1;0,0338;-1,4444
;0,0078;-1,4443
CNNM4;0,0262;-1,4436
DEPDC7;0,0149;-1,442
NCEH1;0,0085;-1,4419
MPRIP;0,0008;-1,4392
RUNX1;0,0006;-1,4387
NEK6;0,0092;-1,4387
SUB1;0,0252;-1,4348
TP53;0,0068;-1,4291
PRR16;0,0346;-1,4291
EPG5;0,008;-1,4275
BAG2;0,0179;-1,4275
C8orf58;0,0281;-1,4257
RAB36;0,0244;-1,4255
COL27A1;0,0168;-1,4243
HCG18;0,01;-1,4243
KCNS3;0,0319;-1,421
MIR31HG;0,0317;-1,4209
FAM86B2;0,0008;-1,4209
XLOC_l2_009441;0,0006;-1,4195
FAM86A;0,0186;-1,4189
TPBG;0,0197;-1,4181
MYO18A;0,0484;-1,4178
NEK6;0,004;-1,4176
ZFP64;0,003;-1,4169
S100A16;0,0233;-1,4169
TOR3A;0,0407;-1,4166
LOC92659;0,0304;-1,4164
LOC541471;0,0264;-1,4157
ZMIZ1;0,0232;-1,4144
SNX30;0,0037;-1,414
KIAA1522;0,013;-1,4136
LRRC37BP1;0,0056;-1,4121
NRBF2;0,0219;-1,4116
ORAI2;0,0061;-1,4098
ARHGEF10L;0,0004;-1,4072
ZNHIT6;0,0152;-1,407
DOK1;0,0301;-1,4063
MAP1A;0,0178;-1,4054
FAM126A;0,0395;-1,4053
ST7;0,0252;-1,4038
OSGEPL1;0,0095;-1,4027
FOXP1;0,0101;-1,4021
BAIAP2;0,0238;-1,4019
GMPPB;0,0379;-1,4019
XLOC_l2_011027;0,0263;-1,4018
KIAA0182;0,0018;-1,4018
SARDH;0,0393;-1,4011
FAM86B2;0,036;-1,4006
PPAT;0,0407;-1,3994
ADD3;0,0056;-1,3986
C17orf51;0,0082;-1,3977
MTERFD2;0,0488;-1,3923
LOC100287628;0,0105;-1,3906
MAP3K1;0,0145;-1,3898
TMEM206;0,0166;-1,3869
TRAK1;0,0022;-1,3824
;0,0139;-1,3809
CISD1;0,0105;-1,3798
FLJ42627;0,0308;-1,3794
KIAA1462;0,048;-1,378
LOC100129034;0,014;-1,3775
;0,0012;-1,3768
XLOC_l2_015037;0,0331;-1,3762
HOXA4;0,0409;-1,3753
FLJ39051;0,0283;-1,3723
JUND;0,0439;-1,3718
XLOC_012025;0,0468;-1,3715
SMAGP;0,0379;-1,3705
FAM98A;0,0302;-1,3702
XLOC_l2_003627;0,0214;-1,3691
UBE2N;0,0368;-1,3686
;0,0299;-1,3681
FLJ10661;0,014;-1,3678
NRG3;0,0414;-1,3641
ITGB7;0,023;-1,3641
SLC9A3R2;0,0044;-1,3613
OSCP1;0,0039;-1,361
TMEM229B;0,0274;-1,3608
FAM86C1;0,0163;-1,3606
AIG1;0,0151;-1,3561
C14orf80;0,0338;-1,3558
EIF4E;0,0205;-1,355
HIC1;0,027;-1,355
SIK1;0,0494;-1,3517
C6orf192;0,0033;-1,3513
IRF2BP2;0,0346;-1,3503
LOC728431;0,0234;-1,348
FYCO1;0,0404;-1,3468
ABT1;0,0328;-1,3466
RALGDS;0,0133;-1,3459
FAM86A;0,0072;-1,3446
COQ3;0,0029;-1,344
FAM86A;0,0012;-1,3438
TOMM40L;0,0138;-1,3437
PTGR2;0,0107;-1,3429
SEMA4F;0,045;-1,3419
RP9;0,0249;-1,3396
PGBD3;0,04;-1,3387
PTPRK;0,0346;-1,3382
SURF6;0,0444;-1,3372
DNAJA4;0,011;-1,3367
EPS8L2;0,0389;-1,3358
PRKCDBP;0,016;-1,3353
LRRC34;0,0237;-1,3351
ITGA3;0,038;-1,3334
KLHL5;0,0395;-1,3332
RWDD2A;0,0172;-1,331
EMP3;0,0135;-1,3277
MPRIP;0,0147;-1,3262
GPR155;0,0386;-1,3231
KCTD5;0,004;-1,3211
PITX1;0,0012;-1,3173
XLOC_l2_003050;0,0235;-1,3164
ZNF175;0,0177;-1,3158
UNK;0,0082;-1,3155
OSCP1;0,0404;-1,3153
FLI1;0,0127;-1,3146
LOC728431;0,0193;-1,3107
NCDN;0,0121;-1,3045
LOC728431;0,0106;-1,3011
LMBR1L;0,0177;1,3001
GOLGA6L9;0,0104;1,3015
THRA;0,0355;1,3128
SIX2;0,0277;1,3131
STRN;0,041;1,314
B3GNT2;0,033;1,3204
GNAI3;0,0137;1,321
ATL3;0,0102;1,3224
RN5-8S1;0,0187;1,3254
WARS2;0,0339;1,3265
LOC100652764;0,0278;1,3271
XLOC_l2_015542;0,0189;1,3285
GOLGA6L9;0,0044;1,329
ZNF37BP;0,0054;1,3303
TWIST1;0,0415;1,331
OSBPL9;0,0129;1,3311
BNIP3L;0,032;1,3337
FOSL2;0,0155;1,3338
C17orf63;0,0081;1,334
TMX4;0,0114;1,336
GOLGA6L10;0,0077;1,3431
;0,023;1,3433
NOTCH2;0,0482;1,3433
KIAA1370;0,0364;1,3436
RASAL2;0,033;1,3443
GBE1;0,0488;1,3494
OSBPL9;0,0036;1,3526
TTC39C;0,0082;1,3539
NCOA3;0,0108;1,3545
RABEP1;0,0131;1,3549
LOC100506922;0,0242;1,355
SETDB2;0,0095;1,359
CLK1;0,0237;1,3606
ELOVL5;0,0425;1,3661
SNORA12;0,0123;1,3664
GATSL3;0,0304;1,3669
AHSA2;0,0126;1,3687
XLOC_010530;0,0428;1,369
TBC1D5;0,0482;1,37
MAGI2;0,0386;1,3728
DIDO1;0,0471;1,3728
EPS8;0,0189;1,3745
MICAL1;0,0291;1,3745
SCARNA16;0,0094;1,3761
ANKRD36;0,0159;1,3783
ZCWPW1;0,0312;1,3786
SNORA11C;0,0409;1,379
GATSL3;0,0171;1,3814
APBB2;0,015;1,3819
STX7;0,0039;1,384
LOC100132352;0,0235;1,3842
SCARNA16;0,0084;1,3844
TTC39C;0,0069;1,3855
ITPR2;0,0481;1,3862
EMP2;0,0065;1,3864
ZCWPW1;0,0355;1,387
CTAGE4;0,0413;1,3878
MCAM;0,0191;1,3894
RSG1;0,0197;1,3936
XLOC_011383;0,0259;1,3949
CDIPT;0,0055;1,3964
TJP1;0,0022;1,3978
PDXK;0,011;1,3982
LOC100288615;0,0024;1,4006
ZDHHC3;0,0105;1,4009
CDKL1;0,0497;1,401
TMEM22;0,0354;1,4018
C1orf112;0,0392;1,4096
AACS;0,0206;1,4102
C1orf186;0,0025;1,4103
NOTCH2NL;0,0228;1,4103
GABARAPL1;0,0143;1,4106
ZNF331;0,0018;1,4108
SAP30;0,0289;1,411
MMS22L;0,0317;1,4157
RASAL2;0,0041;1,4175
INSIG2;0,0051;1,4181
KIAA1715;0,0262;1,4201
LOC100505951;0,0081;1,4202
STK39;0,0026;1,4217
HOTAIR;0,0471;1,4226
FBXW7;0,0021;1,4236
MMS22L;0,0158;1,4255
AHNAK;0,0293;1,4261
AACS;0,0331;1,4266
SLC25A29;0,0159;1,4279
UQCRC1;8,18E-05;1,4279
GTF2IRD2;0,0062;1,431
TSPAN5;0,0494;1,4391
ABCA8;0,0233;1,4413
LOC100302640;0,0184;1,4416
SYTL4;0,0228;1,4416
AUH;0,0405;1,4459
TBC1D16;0,0025;1,4468
CST3;0,0062;1,4481
LOC100505485;0,0099;1,4489
HTATIP2;0,0013;1,4498
KCTD3;0,0289;1,4498
MTERFD3;0,028;1,4518
GRM5;0,0303;1,4518
HOTAIR;0,0038;1,4557
TBX19;0,0235;1,4558
HNRNPU-AS1;0,0039;1,4563
MTMR10;0,0157;1,4564
XLOC_008918;0,045;1,4577
ZNF846;0,0218;1,4606
ODF3B;0,0137;1,4607
;0,0006;1,4644
LOC100302640;0,0423;1,4659
KLF6;0,0079;1,467
SLC35D1;0,0018;1,4693
AMY1C;0,0121;1,4697
LOC153684;0,029;1,47
ZBTB1;0,0028;1,4703
TGFBR2;0,0041;1,4718
BCL7A;0,0328;1,4722
RNASE4;0,047;1,4728
LOC338799;0,0233;1,4733
ADAMTS1;0,0106;1,4737
XLOC_l2_015200;0,0383;1,4738
FANCE;0,0123;1,4745
MBNL2;0,0134;1,4748
ABTB1;0,0023;1,476
CREB3L4;0,0144;1,4796
HBP1;0,0122;1,48
RRAS2;0,0133;1,4804
IGF1R;0,034;1,4806
IGFLR1;0,047;1,4813
LOC143188;0,0451;1,4822
TBXAS1;0,041;1,4831
AMY1C;0,0277;1,4835
LRRC66;0,0186;1,484
CLK1;0,005;1,4846
KIAA1715;0,0106;1,4847
FAIM;0,0008;1,485
;0,0009;1,4862
;0,0402;1,4874
DNAJC3-AS1;0,0496;1,4898
XLOC_l2_010098;0,0338;1,4905
KLF7;0,0268;1,4906
KHDRBS3;0,046;1,4909
SLC25A37;0,0024;1,4919
RRAS2;0,0135;1,4922
SUSD5;0,0026;1,4942
EMP2;0,0002;1,4985
ITSN1;0,0477;1,4994
GOLGA2P2Y;0,0054;1,4994
LOC285147;0,0352;1,5002
GABARAPL1;0,0025;1,5019
C3orf58;0,0217;1,5023
MAT2B;1,38E-05;1,5025
RAD21;0,0044;1,5046
IGFBP2;0,0057;1,5053
LPO;0,0358;1,506
PLEKHA1;0,013;1,5065
LDHA;0,0444;1,5077
XLOC_l2_009139;0,0495;1,5079
C7orf10;0,0474;1,5091
HPS5;0,0125;1,5108
HECA;0,0009;1,511
IL6ST;0,0051;1,5113
CRYGD;0,0468;1,5128
;0,0002;1,5129
LOC100506874;0,0325;1,5138
RPS6KA2;0,0106;1,5148
LOC100505874;0,0009;1,5164
STK24;9,52E-05;1,5171
SSB;5,72E-05;1,5191
AZI2;0,0004;1,5195
SRRM3;0,0252;1,5202
SNORA11D;0,0494;1,5205
PRKX;0,007;1,5211
DNAI2;0,0317;1,5225
FAM161A;0,0258;1,523
XLOC_013744;0,0181;1,5233
;0,0221;1,5233
PHF17;0,0482;1,5241
DIAPH2;0,0043;1,5244
PDS5B;0,0059;1,5248
LAMB1;0,0038;1,5265
HIPK2;0,0419;1,5276
OBFC2A;0,014;1,5301
RPS6KA2;0,0047;1,5333
SLC6A13;0,0422;1,5346
RC3H1;1,34E-05;1,5351
EBF1;0,021;1,5352
HOTAIR;0,008;1,5355
SMPDL3A;0,0052;1,5364
;0,0044;1,5366
ABTB1;0,0014;1,5375
CDC42EP3;0,0046;1,5379
MCCC1;0,021;1,5396
MLXIP;0,0002;1,5409
MITF;0,013;1,5432
PLCE1;0,0258;1,5437
LOC100505783;0,0092;1,5445
NAGS;0,0048;1,5446
ZNF131;0,0082;1,5449
BNC2;0,0016;1,5463
APOOL;1,03E-05;1,547
LTBP1;0,0033;1,548
LOC100129846;0,0185;1,5481
VCL;6,96E-05;1,55
FRAT2;0,0006;1,551
BBS10;2,64E-05;1,551
NRADDP;0,0222;1,5524
MMP19;0,0002;1,5531
LOC100128822;0,0348;1,5534
ADAMTS1;0,0031;1,5538
PCP4;0,027;1,555
GALM;0,0084;1,5554
HMGB2;0,0157;1,5559
SMC6;0,0004;1,5577
CD109;0,004;1,5587
TENC1;0,0019;1,5591
CCDC126;0,008;1,5633
CITED2;0,0006;1,5661
TIAM2;0,0117;1,5662
C21orf88;0,0002;1,5671
;0,0124;1,5672
HSPB1;0,0005;1,5718
IRAK1;0,009;1,576
FLJ42289;0,0482;1,5762
IL6ST;0,0031;1,5766
NFXL1;6,65E-05;1,5771
XLOC_l2_000324;0,0252;1,5778
CHEK1;0,0188;1,5808
FAM117A;0,0035;1,5811
TSEN2;3,79E-05;1,5832
PLEKHA1;0,0022;1,5857
DOCK9;0,0072;1,5861
DDRGK1;0,0022;1,5875
IL17RA;0,0002;1,5879
XLOC_l2_007449;0,0068;1,5881
LOC100132356;0,0342;1,5886
AGTRAP;5,25E-05;1,5917
XLOC_l2_004595;0,0008;1,5944
C7orf60;0,0012;1,5959
TLE4;0,0453;1,5962
LDHA;0,0123;1,5964
XLOC_001974;0,0046;1,5973
NEXN-AS1;0,0384;1,5976
FAM177A1;0,0002;1,6001
TBC1D1;0,0002;1,6008
STXBP4;0,0139;1,6018
ETNK2;0,0053;1,604
GTF2IRD2;0,0063;1,6066
SLMAP;0,0082;1,6076
C1RL;0,0007;1,6077
GALM;0,0265;1,6077
GMNN;0,012;1,6093
STXBP4;0,0015;1,6125
HIPK2;0,0023;1,6131
LTBP1;0,0022;1,6146
TG;0,0022;1,6175
OPN3;0,01;1,6177
MAP3K6;0,0033;1,6179
DCN;0,0316;1,6186
;0,0091;1,622
C5orf39;0,0207;1,6221
PTPN13;0,0002;1,6239
LHFP;4,72E-06;1,6239
ASAP1;0,0004;1,624
PM20D2;0,0263;1,6255
DRD5;0,0382;1,626
XLOC_005764;0,0014;1,6267
LOC202781;0,0271;1,6267
MYO1E;0,0003;1,6286
TIGD2;0,0137;1,6287
MED13L;0,0005;1,6293
EDN1;0,0293;1,63
RAB31;0,0026;1,6351
TTPAL;2,71E-05;1,6352
KLRD1;0,0095;1,6361
TCEAL6;6,13E-05;1,6373
LOC100134937;0,0293;1,6375
FAM71F1;0,0024;1,6376
IRAK1;0,0004;1,6376
SLC9A1;0,0004;1,6388
CTAGE1;0,0042;1,6389
WHAMMP3;0,0171;1,6392
RELL1;0,0004;1,6392
SEC14L1;2,61E-06;1,6401
GALM;0,0177;1,6405
GREB1L;0,0409;1,6418
FBXL14;0,0233;1,6418
PRKD1;0,0005;1,6421
C3orf25;0,0134;1,6441
MALT1;0,0209;1,6443
PDGFRL;0,0319;1,6458
TRAF3IP2;4,23E-05;1,6471
ANG;0,0014;1,6473
C4orf32;0,0082;1,6485
;0,004;1,649
WEE1;0,0004;1,6495
KCP;0,0494;1,65
FUT4;0,0003;1,654
TCEAL6;4,34E-05;1,6541
LINC00472;0,0358;1,6546
RAP2A;0,0016;1,655
AGL;3,32E-06;1,6567
EPB41L5;0,0016;1,6592
C5orf62;0,0362;1,66
RHEBL1;0,0013;1,6616
KCTD9;8,85E-05;1,6617
HOTAIR;0,0007;1,6619
ATP1A4;1,63E-05;1,6632
XLOC_004804;0,0299;1,6652
POM121L1P;0,0281;1,6659
AASS;0,0027;1,671
TLE4;0,0005;1,6711
LOC202181;0,0409;1,6711
ANPEP;0,0004;1,6712
LEPR;0,0494;1,6713
;0,0325;1,672
XLOC_000587;0,0404;1,6731
CEBPB;0,0055;1,6743
ATAD2;0,0186;1,6751
MAGI2-AS3;2,56E-06;1,6753
INSR;0,0004;1,6779
MYC;0,0173;1,6779
HIPK2;0,0004;1,6805
FMNL2;0,0135;1,6806
C5;0,0073;1,6823
COL7A1;0,0037;1,6852
EPSTI1;0,0092;1,6853
EID3;0,0002;1,6868
OLAH;0,0386;1,6878
CAV1;0,0011;1,6881
LRRC1;0,0028;1,6889
XLOC_008984;0,0494;1,6895
TCEAL5;2,24E-05;1,6908
NRIP1;1,96E-06;1,6909
HIPK2;0,0009;1,6917
TLR4;0,006;1,692
ZNF22;2,79E-05;1,6924
CITED2;0,0009;1,6932
KCTD3;0,0164;1,6938
RMND5A;0,0113;1,7006
ZBTB25;0,0072;1,7009
MATL2963;0,0091;1,7011
;2,74E-05;1,7016
ATP1A1;1,65E-05;1,7022
RPL37A;0,0009;1,7042
MCL1;1,31E-07;1,7043
LOC100505987;0,0018;1,7044
HS3ST3B1;0,0034;1,7051
PPP6R2;0,012;1,7069
NCKIPSD;0,0008;1,707
RMND5A;0,041;1,7087
IPMK;0,0164;1,7094
PLXNB1;0,0005;1,7095
SNAI2;0,0046;1,7116
SP100;3,30E-06;1,7122
MIS18BP1;0,0001;1,713
TYRO3;0,0449;1,7138
COX11;0,0005;1,7147
IGF2BP2;0,0013;1,7162
FAM13A;0,0031;1,7163
XLOC_004072;0,031;1,7164
ZDHHC9;1,25E-07;1,7169
ZFHX3;1,82E-05;1,7175
IL17RC;1,57E-05;1,7176
ZHX3;0,0004;1,7188
CIDEC;0,0018;1,7202
AVIL;0,0343;1,7215
FMNL2;0,0024;1,7227
KCTD3;9,39E-07;1,7231
PPIL6;0,0201;1,7234
WNT6;0,0414;1,725
PPM1K;0,0003;1,7254
XLOC_006954;0,0451;1,727
CARHSP1;0,0107;1,731
LOC100507062;3,00E-05;1,7341
PIK3IP1;0,0118;1,735
JAK2;0,0003;1,7384
LPAR1;1,56E-05;1,7392
FAM116A;3,61E-08;1,7398
;0,0312;1,741
ANGPT1;0,0005;1,7422
RNF103;0,0041;1,7422
LOC100128333;0,0319;1,7443
XLOC_007047;0,0198;1,7457
ATP1A4;0,0002;1,7466
MID2;2,22E-05;1,7471
JAGN1;9,11E-08;1,7486
XLOC_011346;0,012;1,7526
ARMC8;0,0193;1,7542
CCDC107;1,08E-07;1,7563
Q6F132;0,0476;1,7603
PNMA2;0,0029;1,7604
SLC25A34;0,0006;1,763
CCDC107;3,61E-08;1,7644
KCTD9;0,0037;1,7667
CHST11;6,87E-05;1,7682
SORT1;3,34E-07;1,7725
TIPARP;0,003;1,7728
ING2;1,65E-05;1,7733
TFPI;0,0186;1,7734
LOC100506312;0,0007;1,7749
HLX;0,001;1,7752
LOC100506686;0,002;1,776
RNF115;6,82E-08;1,7764
;0,0006;1,7789
PIK3CD;0,0002;1,7797
SSBP2;0,0003;1,7821
IL16;0,0112;1,7828
PTPRJ;0,0005;1,7833
PP12719;7,33E-05;1,7835
ALDH6A1;0,0003;1,7846
ARNTL;0,0004;1,7865
CCNG2;9,83E-05;1,7875
;0,0073;1,789
SYNE2;0,0008;1,7906
PDE4DIP;0,0007;1,7906
MAN1A1;2,26E-05;1,791
MAGI2-AS3;0,0264;1,7921
PNRC1;1,53E-05;1,7921
CLASP1;0,0005;1,7931
CPPED1;2,68E-07;1,7943
CACNA2D2;0,0447;1,7944
CAV3;0,0085;1,7945
SVEP1;0,0036;1,7949
ZCCHC6;1,05E-06;1,7972
XLOC_010215;0,0234;1,7983
MAGI2-AS3;1,37E-07;1,7996
XLOC_009483;0,0473;1,7999
SNRNP48;2,54E-06;1,8001
CDC14B;0,0157;1,8018
FAM100B;6,13E-05;1,8032
LOC100507663;0,0355;1,8047
HIPK2;0,0002;1,8058
TTTY19;0,0438;1,8093
PDE4DIP;0,0004;1,8107
LPIN3;6,57E-07;1,811
LOC100131726;0,0145;1,8118
GPR1;0,0065;1,812
MXI1;8,65E-05;1,8125
DAAM2;0,0021;1,8125
KIAA0247;3,73E-05;1,8127
;0,048;1,8138
XLOC_000587;0,0119;1,8162
MYLK4;0,0316;1,8165
LOC648149;0,0017;1,8183
CAV1;0,0003;1,8185
MBNL2;7,89E-06;1,8188
CRYAB;0,0015;1,8188
DOCK9;0,002;1,8197
CFLAR;2,95E-07;1,8207
COPS8;1,53E-07;1,8214
DMD;0,004;1,8218
;0,0003;1,822
ITSN1;6,43E-07;1,8227
XLOC_010462;0,0289;1,8242
LOC728730;0,0323;1,8253
NRIP1;4,12E-07;1,8254
;2,11E-07;1,826
ABLIM3;0,0014;1,827
AFF1;0,0245;1,8276
SMAD9;0,0035;1,8292
CERS6;1,03E-05;1,8302
POPDC3;0,0004;1,8312
SLC43A3;0,0058;1,8322
MYLK-AS1;0,0008;1,833
PDE4DIP;0,0002;1,8336
B3GALT4;0,0233;1,8345
KCNMB4;0,016;1,8397
SCD5;0,0014;1,8407
PLAG1;2,87E-06;1,8433
CCNG2;2,70E-05;1,8448
NR2F1;0,0033;1,8476
ANGPTL1;0,0138;1,8499
FBXO10;4,05E-05;1,8501
PHF15;0,025;1,8502
ASAP1-IT1;0,0492;1,8505
MXI1;0,0275;1,8519
MAGI2-AS3;2,45E-06;1,8544
NAMPT;0,0313;1,856
C5orf41;0,0007;1,8568
XLOC_003212;0,0355;1,858
TACC1;9,58E-08;1,8585
MAP4K3;0,0019;1,8592
SLC38A2;7,57E-05;1,8623
RNF150;0,0026;1,8672
XLOC_003204;0,0235;1,8676
NR6A1;0,0015;1,8681
XLOC_001823;0,0316;1,8684
LOC100653004;2,27E-05;1,8687
;0,0313;1,8702
FAM59A;3,54E-06;1,872
SOX13;0,0056;1,8721
SMAD9;0,0012;1,8743
AGFG2;0,0037;1,8747
;0,04;1,8766
CCNG2;0,0025;1,8784
XLOC_009537;0,0338;1,8788
LOC145945;0,0063;1,8823
CAMK2N1;0,0135;1,8836
GSR;2,75E-06;1,884
XLOC_009705;0,0027;1,885
SPOCK2;0,0226;1,885
LOC100128644;0,0187;1,8863
UCN2;0,0041;1,8864
F2R;0,0025;1,8874
CELF2;0,0129;1,8885
LRRC16A;0,0197;1,8888
ITSN1;4,24E-06;1,8906
PDE4DIP;0,0095;1,8925
XLOC_l2_007456;0,0384;1,8932
RANBP17;0,0017;1,896
PHLPP2;0,0003;1,8993
ZFAND5;2,28E-05;1,9017
RAB11FIP1;0,0018;1,9025
PLSCR4;4,90E-06;1,9025
NEXN-AS1;0,0009;1,9033
PPM1B;7,60E-09;1,9045
PLXNA2;0,0028;1,9048
ZEB1;2,17E-06;1,9082
CERS6;2,40E-07;1,9113
LOC100652757;0,0007;1,9113
CECR6;0,0237;1,9127
FZD5;0,0338;1,9139
PHF15;0,0017;1,9145
APPL2;2,47E-08;1,9156
MYO1D;0,0283;1,9166
DCUN1D3;3,88E-07;1,9189
;0,0355;1,9191
HIPK3;1,31E-06;1,9203
GGT5;1,87E-05;1,9255
LOC440104;1,30E-05;1,9258
SORBS2;6,80E-05;1,9266
GSR;3,61E-07;1,9279
FAM46A;3,08E-05;1,9321
PPM1B;2,06E-08;1,9333
USP12;0,0006;1,9337
PPP1CB;1,79E-06;1,9346
PDLIM1;2,26E-06;1,935
PCSK5;0,0107;1,937
TFPI;0,0061;1,9373
FNBP1L;1,06E-07;1,9382
SOD2;0,0075;1,9399
IGF2BP2;0,0436;1,9406
ZHX3;5,76E-07;1,9426
AXIN2;0,0003;1,9429
ELF1;1,63E-06;1,9446
OXCT1;0,0007;1,9457
NNMT;3,19E-05;1,9472
TRAF3IP2;0,0002;1,9477
AKR1C3;0,0404;1,948
CELF2;0,0114;1,953
LOC100131826;0,0072;1,9567
CALCOCO2;4,07E-07;1,959
LOC440104;2,90E-05;1,96
MAP3K6;2,29E-07;1,9609
ZEB1;0,004;1,9683
GK5;5,90E-05;1,9714
C17orf96;3,95E-06;1,9723
TCEAL1;2,58E-06;1,9735
NOX4;0,0283;1,9768
MXI1;0,0007;1,9769
SLC38A2;1,70E-05;1,9769
CFHR4;0,0308;1,9772
NFKBIZ;0,0004;1,978
ACPL2;1,61E-05;1,9823
XLOC_009895;0,0262;1,9826
LCE2A;0,012;1,9832
STOM;0,0205;1,9835
SCARNA20;0,0014;1,9836
TXNIP;1,92E-05;1,9878
RHOU;0,012;1,9885
XLOC_000643;0,0289;1,9893
MKL1;0,0004;1,9909
MLLT3;0,0002;1,991
PPP1CB;2,18E-08;1,9911
LOC100509635;0,0042;1,9918
C15orf23;1,77E-07;1,9924
DIXDC1;8,80E-07;1,9929
SORBS2;6,64E-05;1,9931
;0,0468;1,9952
RUNX2;5,48E-05;1,9954
GOLGA6L1;0,0373;1,9961
TUBB2B;0,0316;1,9982
AFF1;0,0004;2,0027
PDE4DIP;4,76E-05;2,0027
LOC100506047;0,011;2,0033
POM121L9P;0,0053;2,0038
NCR1;0,0198;2,0066
TBX15;9,58E-08;2,0077
ALCAM;1,43E-05;2,0078
AFF1;7,65E-06;2,008
GNRH1;7,85E-07;2,0105
ZHX3;2,09E-08;2,013
ITPKC;7,14E-09;2,0148
AMPH;0,012;2,0171
TCEAL4;3,68E-08;2,0179
DDIT4;0,0234;2,019
OBFC2A;0,0006;2,0192
NFYB;6,08E-06;2,0197
RELL1;0,0395;2,0199
TCEAL2;9,36E-05;2,0216
SLC43A1;4,91E-06;2,0219
PMP22;4,15E-06;2,0225
LRRC39;0,0228;2,0258
KBTBD11;0,0023;2,0259
FHDC1;0,0135;2,0273
BREA2;0,0151;2,0293
PDE4DIP;0,0342;2,0337
RDX;0,0168;2,0339
;0,0006;2,0345
TGFBR2;0,005;2,0364
LOC100507508;0,0004;2,042
TNFRSF21;0,0006;2,0467
;6,01E-05;2,0481
ITGB4;0,0037;2,0493
PRKAG2;3,25E-05;2,0499
GPR89B;2,86E-08;2,0523
TNAP;0,0027;2,0523
CDADC1;8,49E-05;2,0542
;0,0014;2,0554
XLOC_004165;4,38E-05;2,0572
FAM110B;0,0004;2,0599
FAM46A;1,45E-05;2,0617
XLOC_010331;0,0025;2,062
ANKRD28;3,68E-06;2,0623
PMP22;8,85E-05;2,0639
EYA2;5,00E-05;2,0648
PRRT4;0,026;2,0687
;0,0138;2,0696
CCDC114;0,0493;2,071
SHISA5;1,99E-09;2,0716
HIP1;1,88E-05;2,0755
ELF1;3,12E-08;2,0772
;0,0375;2,0778
DOCK11;3,04E-05;2,0784
PPP1R21;5,12E-08;2,0803
XLOC_000943;0,0409;2,0814
CUTC;2,35E-08;2,0828
DOCK9;0,0456;2,0831
UGP2;3,69E-09;2,0856
WASF3;6,95E-08;2,086
MAP3K8;0,0094;2,0863
LOC200609;0,0363;2,0877
FOXO4;0,0446;2,0889
COPS8;2,71E-07;2,089
LOC100131657;0,0467;2,0913
CDYL2;0,0129;2,0925
PDE1A;0,0296;2,0948
XLOC_012003;0,0046;2,0954
SRPX;1,46E-05;2,0959
PPM1B;0,0185;2,0975
XLOC_002240;0,002;2,1008
LOC100132356;0,0022;2,1031
XLOC_011586;0,0093;2,1033
BCL6;1,95E-05;2,1034
CXCL1;0,014;2,1043
XLOC_l2_000727;0,0211;2,1088
SLC38A11;0,0195;2,1096
REV3L;2,08E-05;2,1103
FLVCR2;0,033;2,1112
CXCL2;0,001;2,1115
PLIN2;0,0074;2,1138
DENND3;1,16E-06;2,1143
PDE4DIP;3,49E-07;2,1201
PDE4DIP;0,0009;2,1206
DOCK9;0,0004;2,1211
PION;0,0275;2,1236
CD302;6,60E-07;2,125
OSBPL5;2,56E-07;2,129
ZFAND5;3,65E-07;2,136
CHEK2;2,92E-08;2,1379
PTCH1;0,0156;2,1381
NUDT11;0,0001;2,1387
LOC100507053;6,38E-05;2,1432
ANKRD6;0,0014;2,1437
XLOC_008703;0,0179;2,1442
TET1;0,0002;2,145
ARID5B;0,012;2,1459
ARID5B;1,28E-07;2,1465
LOC728802;2,75E-06;2,1501
IP6K2;1,36E-05;2,1511
SLC38A10;0,0416;2,1533
PPIL6;0,0224;2,1536
XLOC_009797;0,0473;2,1577
XLOC_l2_013116;0,0174;2,1582
XLOC_l2_000804;0,0003;2,1644
PPM1B;2,07E-08;2,1665
C5orf27;0,0135;2,1728
ZC3H12C;3,86E-07;2,173
XLOC_011507;0,0422;2,1739
XLOC_l2_007135;0,0271;2,1754
CLMN;0,0233;2,1768
CCND3;5,63E-08;2,179
LOC283728;0,0409;2,1795
NCAM2;0,0086;2,1814
GPR115;0,007;2,1824
TP53BP2;2,63E-08;2,1833
TMEM61;0,0148;2,1837
KIAA0513;1,47E-06;2,1838
;0,0331;2,185
SLC44A1;1,28E-07;2,1895
MLLT3;9,20E-05;2,1896
VIT;0,0008;2,1909
PDE4DIP;1,77E-07;2,1919
RFTN2;8,46E-05;2,1928
AKAP13;2,75E-09;2,1932
SQRDL;4,12E-07;2,1959
CRISPLD2;0,0295;2,2072
XLOC_013793;0,0439;2,2084
TMEM204;1,08E-07;2,2105
CNTN3;0,0011;2,2109
ITPKA;0,0002;2,2122
REPS2;0,0041;2,2133
XLOC_005893;0,0089;2,2138
C17orf63;2,10E-11;2,2166
DLL1;0,0057;2,217
AOC3;0,0085;2,2188
;1,54E-06;2,2188
TMEM2;0,008;2,2248
PDE4DIP;2,43E-06;2,2277
ERRFI1;7,45E-05;2,2277
IKZF2;2,90E-05;2,2359
;0,0143;2,2386
KIAA0408;2,20E-05;2,24
;0,0213;2,2476
TGFBR3;0,0026;2,2483
SNCAIP;0,0073;2,2535
NELF;5,78E-08;2,2644
FMO5;0,0015;2,2653
P39188;2,39E-06;2,267
ZNF395;4,27E-06;2,2679
ID3;0,0002;2,269
FKBP5;0,0258;2,2704
SEC14L2;0,0002;2,2817
BARHL1;0,0002;2,2838
USP31;0,0004;2,2839
DOCK9;6,07E-07;2,2871
XLOC_013946;0,0002;2,2923
ACOXL;0,0494;2,2974
LDLRAD3;0,04;2,2975
ATOH8;0,0005;2,2996
PDE4DIP;2,07E-06;2,3024
NOX4;0,0069;2,3047
XLOC_004544;0,0494;2,3057
SLC4A11;0,0012;2,3057
PDE7B;0,0077;2,3075
ARHGAP26;0,0053;2,3136
CHEK2;1,11E-07;2,314
C17orf48;3,33E-06;2,3161
XLOC_013639;0,0003;2,3278
MFSD2A;0,0075;2,3292
LEPROT;2,05E-09;2,3345
GPSM2;0,0008;2,3348
TMTC1;1,03E-05;2,335
MAP3K5;3,44E-06;2,3379
LEPR;0,0002;2,338
PHKA1;0,0267;2,3385
LIX1;0,0208;2,3392
ARHGAP24;0,0111;2,3468
LOC389634;0,0261;2,3471
PLEKHA7;0,0274;2,3478
SESN1;7,56E-08;2,3521
XLOC_001011;2,57E-07;2,3562
CFLAR;3,36E-07;2,3576
WISP1;0,0186;2,3582
STXBP6;0,0386;2,3676
ADH1B;0,0495;2,373
PHF17;6,48E-06;2,3734
LIFR;1,04E-05;2,3744
C14orf99;0,0406;2,3828
GADD45B;0,0012;2,383
PIK3C2B;0,0002;2,3839
CFLAR;8,24E-08;2,3852
CHST2;0,0099;2,3895
COL28A1;0,0222;2,3921
XLOC_l2_006812;0,0016;2,395
ZFAND5;1,36E-07;2,3954
FAT4;0,0001;2,3963
TRNP1;2,54E-06;2,4005
CHEK2;1,57E-08;2,4025
XLOC_l2_004385;0,046;2,4043
PRUNE2;1,61E-05;2,4094
XLOC_011883;0,0222;2,4098
PPP1R14A;0,0008;2,4103
MYRIP;0,0282;2,4117
PPARG;0,012;2,4119
FIBIN;6,24E-06;2,4149
KCNK6;2,67E-06;2,4155
CHEK2;1,01E-08;2,42
ACVRL1;1,26E-08;2,4253
ZCCHC11;2,08E-08;2,4258
ARMC8;1,14E-10;2,4259
KRTCAP3;0,0208;2,4266
APOL1;6,45E-08;2,4283
PLCL1;6,88E-05;2,4286
NPY2R;0,0294;2,4299
DBNL;0,0004;2,4304
PDE4DIP;7,95E-06;2,4313
FBXO42;9,13E-09;2,4323
ROR2;0,0039;2,4334
RUNX2;0,0042;2,4381
ABCC4;0,0032;2,4444
KCNE4;1,25E-05;2,4449
IGANRP;0,0339;2,4479
FAT4;9,36E-05;2,4512
XLOC_012343;0,0118;2,4541
C5orf30;3,12E-08;2,457
;8,47E-07;2,4597
SMARCD2;3,47E-09;2,4651
C10orf47;0,0008;2,4676
;0,0003;2,4677
XLOC_000695;0,038;2,4703
ITGA5;6,06E-09;2,4708
XLOC_l2_011798;0,037;2,4786
SLC44A1;8,30E-07;2,48
CHEK2;2,68E-08;2,4826
LOC388630;0,0135;2,4832
XLOC_004366;0,0067;2,4896
RGMA;0,0005;2,4916
LOC100129940;0,0075;2,4918
;0,0034;2,4919
MAP3K5;9,94E-09;2,4933
SP100;1,03E-08;2,4948
LOC100287216;0,0012;2,4952
;0,0202;2,4966
C10orf26;7,91E-11;2,4967
XLOC_l2_010724;0,0497;2,4988
XLOC_003993;0,0409;2,5046
LOC100128019;0,0209;2,5069
TXNRD1;4,86E-05;2,5071
SH3RF3;0,0003;2,5096
MMP15;3,94E-06;2,5105
C21orf63;4,19E-05;2,5142
NAV2;3,36E-05;2,5149
MMD;0,0004;2,5153
NEXN;8,30E-07;2,5158
SLC16A12;0,0386;2,5262
HIP1;0,0002;2,5269
TIMP4;2,10E-07;2,5333
C6orf174;0,001;2,536
PDE4DIP;4,93E-06;2,548
VIT;0,0002;2,5488
NRCAM;0,0217;2,5499
CD302;4,21E-08;2,5507
C10orf96;1,16E-06;2,5539
XLOC_001826;9,94E-05;2,5541
C6orf81;0,0417;2,5585
DUSP23;2,14E-08;2,5656
IL1R1;1,68E-06;2,5719
XLOC_l2_015952;0,005;2,5729
GRAMD1C;3,15E-07;2,5745
MYPN;0,0003;2,5794
AKR1C1;0,0249;2,5812
NEDD4;1,97E-07;2,5827
SH3PXD2B;2,12E-07;2,5865
FBN2;0,0015;2,5936
APOD;0,0316;2,5949
AKR1CL1;0,0184;2,5975
USP53;6,96E-07;2,5993
;0,0449;2,6008
PDE4DIP;0,0001;2,6065
XLOC_009536;0,0046;2,6075
ZFP36;4,20E-11;2,6075
NFIA;9,86E-07;2,6123
BEST1;0,0029;2,6283
LOC100505787;0,0001;2,6385
DUSP5;0,0005;2,6445
SETMAR;0,0237;2,6461
CPAMD8;0,0004;2,6519
USP53;1,28E-06;2,6578
ANGPTL5;0,0392;2,6598
XLOC_001826;0,0005;2,6611
REPS2;0,0181;2,6629
XLOC_012670;7,40E-07;2,6634
LRRC16A;0,0177;2,6645
ADAM32;0,0027;2,6667
LOC100132741;0,0107;2,6698
CHST7;1,25E-08;2,6735
NOX4;0,0411;2,6753
KLF5;0,0008;2,6754
C21orf63;9,84E-07;2,6777
IFNGR1;1,93E-11;2,6814
XLOC_007088;0,0177;2,6855
RASSF4;0,0186;2,6901
SLA;0,001;2,7018
FGF14;0,0365;2,7026
SAMHD1;1,19E-07;2,7027
;0,0025;2,7035
SAT1;3,33E-06;2,7038
TDRD6;0,0177;2,7063
FOXO3;7,61E-12;2,714
STC2;0,0003;2,7247
NUDT4;5,63E-09;2,7287
XLOC_004351;0,0007;2,7297
TBC1D1;1,06E-06;2,7363
UGT1A6;0,005;2,737
ELMOD1;0,0061;2,744
XLOC_007458;0,0002;2,7475
AR;0,0002;2,7516
XK;0,0016;2,7567
RORA;7,18E-09;2,7601
KLF9;1,43E-08;2,7658
XLOC_000822;0,0326;2,7717
STON1;3,58E-07;2,7771
;0,0002;2,7835
LAMA2;1,62E-05;2,784
SAT1;5,12E-06;2,7843
XLOC_004036;1,21E-05;2,7849
NEXN;2,67E-06;2,7871
KLF15;9,08E-06;2,7876
ABCA6;0,0005;2,7906
C1orf21;2,80E-06;2,7925
;3,08E-05;2,7925
HOTAIR;6,06E-05;2,7992
ABCC2;0,0343;2,7998
TANC2;4,71E-13;2,8008
ID1;0,0092;2,801
DLG2;0,0346;2,8053
STON1-GTF2A1L;0,0014;2,8066
LOC100507429;0,016;2,8106
AKR1C1;0,015;2,8191
IL6R;0,0062;2,831
CLMN;0,0231;2,8322
MAP2;0,0033;2,833
CNKSR3;1,09E-08;2,8401
PRUNE2;6,48E-07;2,8452
NUDT4;1,74E-10;2,8469
FBXO32;4,44E-07;2,8524
APOL2;3,28E-11;2,8565
MARCH10;0,0005;2,8638
;0,0029;2,8646
LOC100216001;0,0063;2,8708
IL6R;0,0117;2,8791
BBOX1;0,035;2,8997
TEX2;7,50E-11;2,9012
YPEL2;1,99E-10;2,9139
FAM43A;4,36E-07;2,9211
NFIL3;8,12E-09;2,9226
FOXN3;1,66E-09;2,9243
XLOC_l2_010245;1,13E-06;2,9258
XLOC_000695;0,0002;2,9298
SSH2;2,46E-06;2,9452
EVX2;0,0272;2,9462
DLK2;0,0273;2,9469
SEPP1;0,0013;2,9584
TMEM150C;0,0031;2,9587
;0,0141;2,9591
RAB11FIP1;9,13E-06;2,9661
SLC26A6;6,18E-11;2,9755
KCNB1;0,0046;2,981
AGTR1;0,0009;2,9811
PTK2B;7,60E-09;2,9818
SLC38A4;0,0107;2,9827
NT5DC3;4,48E-08;2,9937
RCL1;0,016;2,9943
XLOC_009810;0,0032;3,0002
ACSL1;0,0001;3,0092
GREB1L;0,0015;3,0112
C10orf47;0,0002;3,0157
ELL2;1,15E-09;3,0303
HSD11B1;0,004;3,0335
ANO3;0,0008;3,0437
LOC100506855;0,0147;3,0532
FOXN3;2,01E-08;3,0537
LOC340113;0,0002;3,055
HIP1R;3,95E-05;3,0586
XLOC_001826;0,0154;3,074
RASGRP2;0,0081;3,0856
SNORD98;0,0107;3,1066
GCLC;2,11E-05;3,1181
AREG;0,0084;3,1197
CMTM8;0,0002;3,1232
RASSF4;1,44E-06;3,1275
;0,0009;3,1296
LOC100505882;0,0018;3,1393
DENND3;0,0257;3,1396
OMD;0,0036;3,1451
ZFP36L2;9,52E-08;3,1475
PHC2;1,83E-11;3,159
C1orf21;2,81E-06;3,1639
RNF144B;0,0002;3,1717
SEPP1;0,0001;3,1779
KIAA1456;0,0003;3,1829
PTX3;0,0018;3,1921
CORIN;0,0059;3,1949
FRAT1;0,0011;3,1977
;3,30E-06;3,1983
ST3GAL6;2,93E-05;3,1985
CNKSR3;0,0153;3,2451
PPP4R4;0,0457;3,2593
FAM134B;0,0002;3,2791
AGMO;0,0003;3,2803
SOCS1;1,17E-06;3,2881
FOXO3;7,11E-15;3,2919
BATF;0,0187;3,2996
PHC2;4,20E-11;3,2999
CORO6;2,27E-06;3,3009
FAM46B;6,65E-05;3,3075
KIF13B;6,71E-08;3,3396
FMO3;0,0045;3,3425
C7orf46;0,0218;3,3808
SPDYA;1,23E-05;3,3832
PRICKLE2;1,07E-10;3,3832
FOXO3;3,32E-15;3,3862
KIF13B;3,36E-06;3,3893
FAM167A;0,0133;3,3936
;0,0015;3,3936
MTSS1;0,0021;3,3984
PIWIL4;1,43E-08;3,4058
SSH2;1,28E-09;3,4272
CXCL1;0,0016;3,4304
SLC7A2;0,0242;3,4552
XLOC_001788;1,71E-05;3,4883
SLC7A8;1,99E-07;3,4898
C21orf88;5,71E-05;3,4905
AKAP2;5,61E-11;3,5106
SLC35F2;9,20E-07;3,5158
HSPB3;0,0172;3,5338
ARHGEF26;0,003;3,6612
PLB1;0,0013;3,6664
AREG;0,0187;3,6701
SERPINA3;1,96E-10;3,6841
ITGA10;0,0001;3,6917
Q9B8G3;0,0004;3,6956
IKZF2;0,0061;3,7262
SLAMF8;0,0003;3,7366
IL1R1;3,07E-08;3,7602
GLCCI1;3,21E-11;3,7801
STON1-GTF2A1L;0,0003;3,788
PRRG1;9,44E-07;3,789
APOL4;1,51E-08;3,8126
CPNE7;2,61E-05;3,8199
HIP1R;1,25E-08;3,8514
PDZK1;0,0001;3,8675
DNAJC6;8,86E-08;3,9297
;0,0029;3,9409
C17orf109;0,0003;3,9692
PRRG1;1,91E-13;3,9793
XLOC_005105;8,80E-07;3,9931
ACSS1;8,29E-06;4,0311
;2,74E-05;4,0381
PRUNE2;2,02E-06;4,0672
GPR64;0,0008;4,0786
NFKBIA;5,92E-14;4,0929
SP110;2,55E-14;4,1398
SAT1;1,01E-05;4,163
LOC100130476;0,0015;4,1748
SPINK13;0,0001;4,1829
PHKA1;3,08E-05;4,2006
PPP2R2C;1,81E-05;4,2051
C21orf63;2,52E-08;4,2167
Q9B8G3;0,0004;4,2327
Q9B8G3;0,001;4,2455
C9orf47;0,0002;4,2468
SEC14L2;4,31E-07;4,3094
STON1-GTF2A1L;0,0002;4,3352
ALOX5AP;7,82E-05;4,3728
TMTC1;5,29E-11;4,5046
B3GNT5;2,03E-05;4,5104
ARHGEF19;3,46E-11;4,5177
TMEM164;9,63E-13;4,527
GCHFR;3,69E-09;4,5711
SERPINA3;5,29E-10;4,5843
LAMA3;2,27E-06;4,5892
CACNB2;0,0012;4,5979
SAA1;1,10E-07;4,6009
LOC644662;1,79E-06;4,6567
SLC7A8;4,24E-06;4,6626
RGS2;0,0001;4,6884
FMO2;9,58E-06;4,6917
;9,62E-06;4,6918
S1PR1;0,001;4,7294
LGR6;0,0016;4,7456
XLOC_006350;0,0002;4,7895
ANGPT2;0,011;4,8256
MAP3K8;2,51E-07;4,8315
PIK3R1;4,80E-12;4,8388
PTPRO;2,13E-05;4,8508
XLOC_004407;2,92E-05;4,8552
CDKN1C;0,0001;4,9253
AKR1C1;0,0076;4,9259
IRAK3;8,18E-05;5,0489
ARRDC2;1,30E-12;5,0916
ARHGEF26;0,0001;5,1674
IFI44L;2,80E-06;5,2296
SLC19A2;4,89E-09;5,2339
LEPR;7,71E-05;5,2706
ARHGEF19;2,43E-06;5,277
HIP1R;0,0039;5,2788
DKFZp451A211;1,50E-05;5,293
MIOS;5,12E-11;5,3206
DUSP1;7,61E-12;5,3259
FGD4;6,65E-05;5,3533
SERPINA3;1,77E-10;5,358
XLOC_003234;1,57E-07;5,3633
FOXQ1;3,91E-05;5,3707
TMEM164;2,94E-06;5,4688
MYO16;2,73E-05;5,4911
TNFAIP8L3;1,45E-07;5,5038
PRRG4;0,0003;5,5246
FGD4;6,06E-09;5,5417
XLOC_005739;4,12E-07;5,5469
TACSTD2;0,0006;5,6364
TMEM164;1,67E-05;5,6425
MAOA;2,60E-06;5,6795
OLAH;0,0002;5,6948
XLOC_011167;4,70E-05;5,7556
METTL7A;4,96E-05;5,8307
FPR1;3,21E-11;5,9259
DPEP1;3,68E-06;5,9681
PF4;9,92E-06;5,9764
FOXO1;1,96E-11;6,0085
LOC644662;1,22E-05;6,3377
;6,13E-11;6,3408
PNMT;2,52E-05;6,4727
;6,59E-09;6,4768
CYP19A1;0,0001;6,5103
F3;2,40E-05;6,594
SPARCL1;6,83E-06;6,6166
Q9B8G3;2,68E-06;6,714
LOC100507008;2,32E-05;6,7327
LOC100507632;4,31E-07;6,7859
MT1H;6,71E-11;6,8646
;7,64E-05;6,9493
PER1;1,63E-14;7,0499
GLUL;5,75E-10;7,0586
FGD4;5,43E-11;7,084
XLOC_007087;0,0004;7,153
LOC644662;1,57E-06;7,1551
ADH1C;2,21E-07;7,2538
ANGPTL4;4,05E-05;7,2602
MT1X;4,29E-11;7,3244
GPM6B;6,80E-06;7,4066
S1PR3;4,50E-10;7,4255
PTGER2;1,95E-09;7,4449
AOX1;4,34E-12;7,4713
DKK1;4,89E-10;7,5057
GPM6B;1,21E-07;7,5794
;4,55E-06;7,8316
MT1A;4,23E-11;7,9089
ZBTB16;8,12E-07;7,9325
SLC25A18;1,20E-08;7,96
LOC100507632;3,05E-07;8,2243
LOC388630;1,73E-08;8,2396
FAM107A;0,0005;8,3244
IRS2;3,64E-13;8,5474
AOX1;1,30E-12;8,6053
TSC22D3;7,26E-13;8,7163
IMPA2;4,89E-10;8,8127
GPX3;4,63E-08;8,8721
RGS18;0,0001;8,8977
SLC46A3;1,97E-11;9,0091
CACNB2;1,17E-08;9,1773
ADH1A;1,11E-08;9,1996
GPX3;4,63E-08;9,2208
CCDC69;7,18E-06;9,5699
MT1L;1,31E-10;10,0679
IMPA2;3,53E-09;10,0992
;2,18E-08;10,1683
CCDC68;3,65E-07;10,2043
LOC100506913;1,03E-08;10,9077
MT1B;4,04E-11;10,9403
RASL11A;8,86E-08;11,3563
MT1E;1,90E-12;11,5815
RASD1;1,55E-07;11,6635
MT2A;3,28E-10;11,9111
XLOC_007087;6,02E-05;12,2072
MT1E;3,32E-15;12,2828
SAMHD1;6,95E-09;12,9748
AFAP1L1;7,45E-10;13,0248
MT1M;8,37E-16;13,7796
C21orf88;9,76E-09;15,0829
MT1X;2,55E-14;15,7495
GALNTL2;7,45E-10;15,7826
APCDD1;1,58E-08;16,0085
C13orf15;6,11E-12;16,0544
PDK4;1,47E-06;16,9199
C10orf10;1,47E-12;17,103
ANO2;5,61E-11;17,9223
ADRA1B;6,24E-14;18,8264
FOS;2,82E-16;18,8856
ALOX15B;7,22E-14;25,7678
MMP7;5,25E-11;31,9454
FKBP5;2,82E-16;40,4302
