Gene IDs;Score A4;Score B2;Score C2;Score D2;Score E2;Score F2
1278;12730,92;8897,7;15069,84;14423,49;20837,63;21997,72
2335;9817,31;6843,48;7334,9;17792,91;9110,41;11465,84
7431;2753,39;1953,44;4236,69;3870,69;6723,31;5939,89
1277;5406,58;2186,84;2873,71;8878,45;5921,59;6415,7
2316;3803,02;2506,75;4035,64;5289,11;5204,79;6125,54
7045;2385,77;2522,44;1161,12;5656,03;5068,05;4220,62
5054;1537,68;2022,69;836,54;3711,68;4844,4;4764,9
1281;4935,97;2846,2;3439,81;5542,29;3971,74;4176,34
1291;6266,66;2475,03;1952,11;5491,11;3702,81;3840,01
3848;2875,13;1572,47;2736,16;3311,7;3673,36;2050,25
1634;2491,29;3999,64;1590,74;2020,67;2904,77;3490,77
5270;802,05;1025,3;1204,42;1948,87;2763,39;3205,54
1509;1025,56;1001,98;1213,91;1610,25;2679,14;2492,52
5339;2009,35;1564,62;1426,88;3501,51;2462,49;2499,85
7057;4712,36;2056,07;2258,97;3902,96;2315,74;3085,37
6876;927,48;1372,94;1401,75;950,58;2306,75;1918,73
3858;2330,3;945,49;1077,23;2425,34;2305,64;1353,52
4000;1496,11;1152,25;1429,24;1869,86;2221,97;2155,55
1293;5474,61;2252,15;1547,94;8058,34;2195,76;3528,31
2023;822,34;1447,06;1008,42;967,67;2177,04;2109,35
87;1982,12;2476,79;1386,88;1868,87;2130,87;2848,56
7167;1248,57;1063,14;1160,36;1451,22;2112,17;2057,49
226;591,57;872,93;747,51;782,73;2086,79;1902,48
4060;911,61;1007,46;1028,92;1589;2062,96;2671,84
3485;1564,62;1032,36;2824,98;1129,97;2000,74;2144,69
3939;1382,11;1130,61;704,98;1596,9;1982,17;2159,53
1303;3282,76;1697,66;1406,04;7400,43;1965,38;2836,41
5806;1851,28;1329,04;1118,88;2207,05;1834,77;2342,91
5315;1038,32;1044,66;981,64;1097,28;1798,28;1878,41
3857;1824,94;838,45;1360,09;1632,03;1761,75;1033,51
7076;1233,63;781,82;1444,42;1281,06;1751,4;1950,07
6678;1628,37;791,7;920,06;1822,48;1744,34;2284,86
1284;715,67;334,12;1667,68;1329,48;1713,23;1777,1
3490;2238,01;666,25;1426,23;2012,71;1710,29;1765,71
3371;3632,16;2099,5;1645,8;6681,35;1534,21;2663,11
3849;1689,35;447,43;867,85;2137,1;1533,15;835,23
5176;3222,89;2450,04;1381,74;1977,56;1530,86;1743,66
7414;1209,25;1302,45;859,36;1230,73;1521,08;1688,9
5216;566,87;711,7;1013,55;720,33;1503,07;1312,54
1311;3233,22;1181,24;1083,88;6101,53;1500,4;2079,52
710;1212,07;1142,76;1278,54;655,67;1451,87;1403,31
60;1080,28;2136,03;1322,57;1307,92;1431,78;1781,5
71;1056,66;2176,65;1212,72;1323,84;1377,66;1678,16
7531;622,93;733,32;696,2;551,52;1370,74;1183,51
81;1493,44;1519,79;752,26;1459,43;1358,97;1819,01
716;1758,12;1335,52;1226,44;1642,32;1345,76;1316,52
2597;458,63;934,33;1074,36;644,67;1324,44;992,41
1290;1390,76;638,62;1444,75;1056,59;1316,53;1286,02
1289;305,36;478,33;422,71;890,9;1315,38;1296,32
2317;719,75;611,57;866,64;1780,6;1290,89;1739,92
213;431,11;5076,98;3156,51;543,79;1281,88;739,18
1116;414,55;572,14;339,8;889,93;1276,6;1198,69
633;888,15;992,47;370,09;1948,27;1262,05;1296,9
11117;1417,18;740,87;1061,6;1952,14;1254,46;1174,3
3339;2420,29;1273,34;974,37;5648,01;1195,51;1326,23
4313;1853,35;1104,22;1211,93;2062,1;1168,04;1487,03
1301;873,54;539,9;543,91;1059,1;1155,32;1041,84
3075;1581,19;517,67;1360,58;1478,24;1123,07;1270,16
1471;574,09;927,52;1545,38;410,79;1115,76;1084,19
2621;2541,8;714,64;1091,27;1338,85;1109,57;1289,45
2192;922,5;546,87;1340,23;838,9;1106,13;1273,28
5118;987,71;948,34;1231,89;846,59;1101,48;1430,42
5768;957,22;704,31;490,87;1246,95;1095,06;1092,43
3945;943,3;561,55;334,23;1181,89;1085,43;1090,93
7534;703,29;650,01;789,36;588,53;1071,98;938,74
1292;1256,99;567,46;700,31;1098,77;1038,74;914,6
2202;1320,13;533,13;880,72;1208,78;1034,22;1006,48
2950;332,49;632,56;449,52;254,67;1015,97;1116,97
5479;853,47;459,77;716;974,73;1000,57;1006,55
715;1936,86;1029,32;1460,84;1517,7;987,79;1181,72
4627;1434,71;731,22;1066,84;1493,54;976,36;1361,46
2200;1802,34;264,82;902,11;4482,22;958,62;1032,04
3312;649,67;671,43;356,64;885,25;945,89;1079,68
871;369,22;586,94;246,32;825,99;929,87;964,5
7018;29,75;139,49;93,71;331,52;927,02;782,42
7837;1140,71;620,67;734,46;1684,36;916,66;1136,6
3240;3414,77;604,86;624,97;2172,27;905,98;905,45
7171;599,86;395,84;740,89;760,29;882,69;811,74
3309;578,93;649,54;259,77;944,92;880,62;957,36
10971;516,71;443,07;562,8;548,2;878,19;737,81
1117;370;817,07;287,98;494,57;825,46;675,83
5654;780,72;677,75;567,42;1013,29;804,46;624,33
3915;2514,91;885,76;834,36;2498,29;803,88;1008,5
5230;143,17;350,88;329,96;595,47;791,65;690,19
10631;1447,72;620;257,99;1935,66;781,08;1288,21
302;825,87;855,09;566,33;745,74;775,16;608,2
1295;228,38;245,13;944,9;421,88;765,52;728,61
1404;310,93;297,19;205,63;518,33;744,34;741,7
151887;605,43;358,17;540,43;748,18;729,17;965,11
9588;291,46;307,03;430,62;279,45;726,13;488,13
230;209,31;351,94;214,02;217,34;723,71;775,59
4191;549,41;200,85;100,12;566,3;713,41;656,44
1462;973,15;607,31;471,05;1806,37;713,07;793,11
4478;445,35;395,83;314,39;619,08;686,4;555,25
7529;468,98;516,96;492,62;494,57;685,61;560,81
3956;349,09;339,8;680,16;247,58;680,47;602,63
56944;774,84;560,44;558,96;695,08;671,95;529,49
348;1274,91;836,49;829,12;797,66;665,54;632,25
7094;385,34;1150,41;308,33;824,85;664,44;1053,58
5478;174,69;183,56;589,15;180,71;663,67;696,18
800;144,96;258,73;471,2;218,09;661,94;567,66
8407;143,47;351,1;509,75;334,92;659,66;529,5
3959;967,14;505,54;581,93;861,15;656,31;718,08
1808;711,9;655,88;299,84;621,24;646,43;722,72
2934;3927,46;2008,16;927,16;812,66;639,54;659,27
1072;256,34;397,02;412,97;314,78;639,38;463,23
135228;769,98;423,34;337,06;707,66;636,33;676,25
301;406,42;551,17;422,97;396,78;629,44;332,08
7184;369,36;415,81;214,44;667,36;626,53;734,18
3320;367,49;608,11;330,09;675,73;624,63;838,46
11167;1326,48;435,04;499,4;861,1;623,41;769,9
2167;456,03;757,15;261,35;352,87;619,68;543,14
2683;507,5;324,21;463,93;509,18;617,01;587,35
7412;607,89;212,75;586,56;401,3;605,38;795,59
4282;216,76;216,21;452,23;263,48;601,37;524,81
3326;464,15;484,01;263,52;807,27;601,11;851,18
5037;461,14;278,81;672,15;433,99;595,02;625,01
10130;479,4;563,7;226,8;516,01;593,77;816,41
811;238,71;314,02;163,6;389,67;590,17;415,25
284119;297,37;446,55;183,42;297,45;582,64;441,96
5351;396,48;544,53;262,49;637,19;580,63;733,44
7168;409,05;233,63;446,56;428,81;566,88;550,03
7169;413,33;279,52;480,3;510,82;561,14;529,58
2821;870,66;662,09;248,73;649,97;557,26;867,22
374454;409,89;263,92;373,18;455,97;542,61;261,29
3852;489,78;185,74;245,13;933,18;540,38;338,09
4015;243,56;132,46;302,37;516,95;538,47;589,19
847;548,92;323,55;337,75;428,07;537,87;465,2
2665;500,02;348,09;218,08;582,91;536,87;621,35
7532;369,68;370,31;331,39;329,66;530,4;557,14
5034;590;541,63;211,06;702,12;518,94;620,63
1915;419,82;342,99;363,18;490,63;516,92;586,45
11098;201,42;129,91;340,17;300,01;502,09;414,91
7058;992,2;450,21;532,07;2038,7;501,22;1029,74
3910;1581,76;603,13;521,33;2164,17;493,88;677,54
286887;557,13;226,85;198,11;1507,05;489,43;533,97
25890;94,06;167,62;363,79;408,27;488,54;449,8
3624;417,31;313,09;100,17;516,57;482,85;440,73
10327;164,32;150,3;208,4;231,26;478,23;479,86
1508;312,85;198,36;77,93;470,21;477,39;316,47
5168;389,23;171,78;184,66;580,02;475,91;442,08
3853;622,86;226,85;198,11;1534,91;475,44;498,4
1675;1433,05;615,51;1172,87;638,58;472,68;517,84
5476;480,63;376,15;308,33;550,1;469,34;549,97
7360;152,96;339,05;117,32;321,64;467,43;402,14
114990;199,72;169,76;449,57;207,13;466,08;602,15
3861;828,6;287,68;307,12;1283,62;459,64;384,81
2026;217,15;376,12;196,54;283,61;454,87;431,68
2318;581,82;305,07;275,16;1717,46;454,41;571,8
7077;457,09;450,12;620,95;462,89;453,73;400,25
60681;28,05;134,16;212,42;120,31;452,72;478,4
10418;407,44;222,29;308,98;769,49;450,64;542,41
3860;409,2;208,26;226,94;495,25;448,16;194,27
7533;251,84;232,15;318,61;237,94;448,15;454,68
29968;236,55;307,46;48,76;342,79;445,28;515,75
5069;586,11;144,57;207,54;912,46;438,42;541,71
1936;97,22;169,96;216,18;176,15;438,28;332,94
8482;65,72;97,56;153,47;197,27;437,84;316,04
10085;188,09;242,21;352,2;284,19;435,53;409,36
3854;555,65;311,8;219,46;1586,21;435,06;504,7
308;403,11;434,57;316,35;367,39;432,9;405,06
4831;165,57;299,26;184,2;232,94;427,18;503,14
3178;221,77;95,54;73,52;377,18;425,85;291,83
79026;118,89;;232,29;935,48;422,75;272,81
1465;152,94;193,17;259,72;219,09;421,79;365,9
5660;332,6;279,72;395,11;309,5;411,85;565,46
873;47,27;132,77;93,57;198,68;411,52;425,87
1200;260,23;277,44;306,33;303,2;404,65;310,43
5641;346,09;211,3;132,45;395,14;399,35;213,62
7123;957,37;607,5;520,99;501,4;398,28;299,9
10226;62,19;110,88;56,35;38,15;398,09;454,62
4904;;63,2;99,04;72,78;394,33;392,24
5226;374,34;454,77;235,18;445,84;392,15;462,95
10376;167,38;495,88;197,89;224,64;391,49;360,36
1000;71,93;32,93;214,18;95,25;389,26;306,19
84790;167,38;502,14;190,08;223,71;386,21;356,52
3190;83,66;184,25;185,78;221,83;384,19;296,04
5730;350,06;542,11;349,35;155,55;382,16;328,24
5352;59,16;100,34;24,94;127,84;381,4;352,56
10404;472,31;397,88;182,43;325,28;380;424,63
4190;344,12;250,47;132,9;362,47;377,59;333,58
2006;153,69;37,83;197,73;256,38;377,4;418,25
84624;33,89;;28,06;815,11;374,65;494,11
3074;498,46;360,76;319,12;384,07;371,74;398
1938;256,84;292,5;67,04;669,35;366,95;584,82
5630;205,42;121,55;182,09;230,42;362,7;258,78
1009;33,81;31,5;75,17;78,85;361,68;252,64
7170;;91,36;276,37;271,34;360,14;250,48
1809;139,29;298,87;108,76;206,43;357,58;433,67
5834;154,29;283,57;176,26;107,34;356,92;595,4
5052;417,48;337,38;259,03;367,8;353,08;420,13
4883;548,5;275,41;147,05;534,59;350,61;412,7
813;254,17;127,92;88,18;411,74;350,22;361,62
5950;509,62;380,43;252,6;370,84;349,54;283,31
3486;345,51;101;314,22;196,72;348,53;245,95
1266;42,56;60,13;136,85;109,11;347,4;315,09
2923;521,38;441,89;223,14;766,95;346,98;354,43
214;228,34;103,47;282,68;98,92;346,64;264,89
5954;380,18;190,64;215,74;353,14;344,05;363,38
3250;1855,96;306,12;307,39;1163,9;342,13;404,17
3306;331,78;305,31;153,79;479,27;340,49;456,83
3181;155,92;164,01;169,49;291,27;339,82;378,87
2819;375,36;153,35;127,11;236,5;338,01;241,62
5754;73,38;58,21;106,79;220,47;337,11;311,57
410;272,06;155,39;226,98;204,75;332,16;384,86
203068;23,82;178,15;96,27;46,14;329,2;365,78
6888;222,6;181,92;139,08;316,04;328,46;353,23
4811;2241,73;641,93;846,44;606,9;326,62;398,61
22883;583,92;224,84;247,2;412,34;325,59;408,33
54414;223,43;117,8;129,13;261,73;324,69;276,47
5328;262,71;165,27;255,16;217,43;324,62;261,71
196463;392,52;381,87;117,25;461,14;322,01;348,69
283458;96,03;184,38;115,13;160,1;320,15;377,98
3303;524,84;268,73;102,26;589,05;319,63;381,41
2799;153,93;153,58;193,27;183,49;318,55;368,02
290;780,9;427,18;235,15;393,78;318,49;498,49
1282;161,28;102,66;199,79;577,55;317,54;256,91
3671;609,44;199,55;384,25;254,65;314,69;281,63
7059;258,82;192,24;195,52;652,33;311,23;527,93
4666;;132,25;;164,75;310,73;273,18
2588;247,32;181,53;198,07;204,46;310,15;274,15
3073;385,78;343,69;153,46;289,48;309,14;286,19
10611;;23,11;141,8;38,78;308,54;269,53
8531;;;;37,18;307,72;302,96
7086;378,22;294,73;120,35;466,45;306,55;440,32
6648;105,41;246,68;210,3;200,8;305,9;294,76
4830;255,78;225,67;192,28;237,55;302,86;340,91
3868;630,48;198,96;145,88;1303,82;301,7;253,88
1842;386,86;238,18;117,79;142,54;299,1;148,47
3305;347,71;309,04;154,35;439,66;298,67;386,59
427;295,4;338,9;121,44;215,19;297,26;257,14
1893;84,14;63,68;288,77;114,91;296,42;403,07
4240;1315,54;150,37;426,47;430,24;295,69;204,31
25932;94,7;164,43;209,26;245,74;295,29;200,32
11315;105,02;224,85;174,26;228,69;294,9;242,76
4134;;;156,57;18,62;291,8;286,89
59;518,02;596,57;315,15;663,2;291,24;541,65
204;67,69;67,09;122,05;120,98;289,78;253,06
3315;255,48;118,76;469,95;131,72;286,68;345,04
54749;195,54;268,32;136,49;223,44;286,32;307,02
4982;84,59;74,43;100,12;91,79;283,18;217,93
6175;195,33;319,64;111,43;357,91;282,36;415,75
57333;140,03;132,52;113,3;126,59;278,02;340,84
5066;457,22;165,35;205,06;242,35;277,79;298,84
10468;322,42;216,78;216,41;237,59;276,49;268,23
2201;65,45;60,16;394,73;425,69;275,66;278,82
5360;308,48;329,54;284,09;200,29;275,49;298,79
5358;310,12;425,97;134,29;363,22;270,69;320,78
1490;348,41;153,15;389,3;345,72;270,16;400,38
2664;250,85;125,84;95,96;282,16;267,96;273,62
4053;993,47;259,9;515,41;1299,56;267,01;400,51
832;190,76;57,72;80,05;137,79;266,29;253,14
5480;220,66;62,76;225,37;180,63;266,18;165,52
4691;100,73;124,28;;195,92;265,81;282,64
829;106,09;108,54;36,12;208,99;262,39;250,48
1073;76,22;193,02;124,16;105,22;259,48;244,71
686;359,04;174,77;137,7;278,82;259,17;273,85
2;55,66;342,85;353,94;191,33;258;239,08
4924;805,22;150,06;330,81;577,27;257,48;432,25
5223;287,18;104,44;109,1;398,22;256,91;299,3
50509;264,13;99,78;121,92;300,47;255,92;171,49
22795;282,61;72,66;213,89;463,69;255,33;297,71
10383;;182,99;73,47;43,38;253,51;266,46
84572;237,21;178,25;246,74;143,81;253,49;170,94
7165;25,8;20,71;94,13;60,92;252,76;250,72
23114;69,93;115,35;213,94;;251,81;241,63
5720;110,72;126,58;106,52;107,71;251,37;201,64
10694;57,4;122,4;72,6;260,45;249,97;259,56
6238;;;67,87;410,29;249,94;277,34
55752;87,29;92,93;77,66;165,13;249,48;267,78
6050;140,23;130,29;151,13;143,44;248,6;360,01
4016;271,85;123,72;340,71;219,6;248,35;276,96
11034;261,48;199,1;118,39;314,72;248,15;166,53
9518;;93,88;212,13;;247,49;195,51
3927;69,12;72,08;207,21;57,71;246,28;208,68
9370;174,4;246,3;146,58;286,22;246,23;185,22
3912;1615,55;604,64;367,3;1514,71;245,22;541,57
2280;102,17;93,02;230,48;54,85;243,6;188,65
1605;290,12;103,93;212,1;215,5;243,14;303,72
6136;178,3;111,73;164,15;235,24;243,03;243,41
6782;249,18;68,19;;264,8;242,09;336,93
1265;;113,86;87,82;122,09;241,5;221,33
23022;;53,44;192,4;54,38;239,91;265,06
4869;79,28;51,73;58,45;157,58;239,64;168,64
5725;23,26;73,34;57,2;148,33;237,32;199,68
12;406,3;187,98;72,93;685,23;237,01;342,56
220988;;81,95;132,22;114,16;236,76;121,18
115908;182,49;126,35;122,42;209,16;236,43;197,24
653269;312,94;227,07;226,55;451,08;234,67;286,33
64374;332,55;172,36;97,97;168,46;234,45;181,27
183;169,91;571,94;309,35;229,8;233,17;259,68
5688;211,59;92,25;125,06;246,39;232,81;242,31
8970;43,51;146,98;199,61;40,5;231,82;200,08
26986;;;29,16;180,38;231,72;182,58
91851;126,28;47,23;38;149,15;228,69;191,57
345651;208,94;383,9;191,96;283,78;227,91;384,54
4125;315,73;172,58;148,6;329,22;227,41;277,33
7001;266,95;248,31;186,7;249,1;226,77;262,3
6181;70,67;40,26;172,01;55,66;226,35;83,61
54587;253,16;140,71;142,07;239,44;225,41;277,84
10487;137,1;49,4;24,9;120,37;224,86;258,45
720;36,36;132,12;53,54;144,26;224,69;299,49
81567;145,11;86,17;69,65;229,14;224,18;216,1
4017;62,62;59,64;49,47;224,54;223,9;224,05
85236;60,51;155,5;211,38;40,5;223,81;221,71
51280;38,25;113,64;155,68;98,47;222,95;159,32
649;356,45;216,74;177,28;398,34;222,43;286,39
4735;122,19;85,2;104,66;207,84;221,25;181,7
10492;85,04;104,5;;197,21;219,34;231,07
3488;498,39;139,28;606,44;373,42;218,68;173,57
396;206,66;120,71;147,91;186,62;217,98;249,62
3183;37,79;86,74;103,39;168,54;217,15;185,97
10216;161,9;229,92;378,62;206,61;216,91;236,68
4958;244,8;133,22;143,82;98,03;215,45;173,86
54205;118,69;74,8;109,22;87,58;215,28;226,75
9948;71,29;114,21;80,25;103,88;214,01;309,87
2271;165,76;180,87;43,84;247,78;213,49;184,72
1192;80,08;144,72;144,22;281,75;211,84;185,1
3851;250,06;57,37;77,02;244,49;210,86;109,42
1191;405,06;217,69;192,69;281,19;209,8;205,26
6282;77,52;248,87;90,48;120,33;209,41;196,74
10159;223,51;137,5;67,93;211,52;208,48;137,15
163;169,41;29,98;23,52;229,78;207,68;273,03
50808;77,5;63,05;90,27;97,23;205,84;199,98
8991;213,52;;;167,33;205,11;182,55
5687;299,08;103,21;65,94;377,87;204,3;192,18
3487;290,18;;208,98;278,2;204,16;97,3
6609;198,59;165,84;183;212,23;203,1;208,4
10627;64,21;135,55;173,11;139,54;202,75;158,59
29952;71,36;171,99;43,42;143,61;202,36;197,73
3929;69,92;78,23;95,68;171,18;201,45;273,3
84836;105,01;53,08;61,86;112,58;201,29;190,41
25824;50,54;124,64;106,21;54,43;200,59;202,44
6448;110,37;56,75;166,54;102,31;198,88;200,71
8359;163,9;192,02;194,25;178,32;198,29;180,82
2539;124,77;99,17;19,18;91,81;198,09;240,83
4756;37,64;;30,17;82,51;197,41;211,01
4126;177,93;82,15;73,53;153,57;197,34;206,57
5962;192,17;145,63;118,72;317,88;196,65;269,59
55742;;96,57;;92,95;196,64;194,67
2817;293,7;369,76;86,57;456,47;196,55;188,6
1933;89,28;;61,46;125,72;194,8;185,64
309;250,64;170,65;168,42;312,42;194,28;265,84
4052;44,11;80,45;219,95;336,08;193,71;169,37
56616;42,78;34,99;83,92;68,56;193,55;127,53
51637;;;33,62;;193,49;143,13
7335;53,94;31,26;124,48;69,21;193,02;176,25
4860;162,25;61,59;51,32;243,48;192,96;207,26
8411;;23,12;34,08;30,81;192,73;142,11
3107;48,8;58,06;112,12;57,82;191,94;247,17
23593;144,59;65,73;21,14;178,75;191,33;164,8
8644;324,4;77,05;69,9;314,47;190,72;219,9
4323;29,11;116,63;190,19;147,76;190,64;90,44
9601;62,7;172,68;;230,03;190,42;358,58
5589;187,7;123,18;114,41;307,86;190,01;313,01
28988;;;39,04;;189,31;180,31
8614;304,85;106,43;140,32;341,21;189,28;142,2
3105;120,98;94,73;113,83;69,28;188,23;147,58
7336;24,14;29,42;116;55,51;187,06;142,57
9124;;44,6;96,55;;186,05;175,06
284013;138,51;102,52;233,76;117,79;185,39;169,12
79625;190,91;315,16;147,29;181,8;185,27;265,04
7430;113,95;157,5;130,75;182,15;185,25;225,62
7415;351,63;347,41;65,12;483,58;183,32;181,65
2548;231,79;258,1;96,43;200,79;182,48;141,37
51727;43,33;86,17;59,81;90,96;180,7;201,75
66005;120,56;39,73;;217,15;180,57;196,65
4148;99,43;184,39;107,95;102,89;180,47;210,78
4837;97,87;241,52;149,38;157,63;179,82;181,11
23406;142,67;183,76;35,75;161,73;179,15;158,45
7857;60,15;43,99;113,47;47,4;179,05;145,85
6222;;33,65;67,44;94,27;178,99;46,28
10398;75,64;102,56;180,66;137,2;178,22;141,46
9446;116,31;68,53;132,46;105,68;177,25;183,87
4082;;82,11;140,82;;175,71;165,08
3872;418,64;170,2;86,74;762,57;175,18;178,63
7791;61,7;;108,41;46,69;174,95;96,88
5689;136,51;61,23;79,18;111,59;173,18;130,2
84823;56,26;78,38;139,91;92,38;172,51;179,48
4035;459,76;29,88;87,38;1402,79;171,52;298,73
3107;87,94;94,73;136;84,5;170,86;167,09
6695;354,43;170,08;132,24;388,48;170,48;171,07
3251;38,35;66,81;;106,08;169,8;133,19
5093;28,76;46,04;50,61;79,79;169,63;148,15
203;69,57;61,68;98,84;77,3;169,47;174,57
160287;246,75;76,14;42,54;283,26;169,28;101,26
5693;277,24;43,71;73,14;420,98;168,9;234,88
5110;82,64;32,89;67,09;52,22;168,8;122,92
57124;387,46;92,75;201,26;371,68;168,39;186,6
5756;69,6;;;105,25;167,89;111,78
3105;129,59;94,73;148,99;90,79;167,71;156,67
55968;;;;32,12;166,67;90,45
5690;110,62;56,47;;205,12;166,53;150,42
160;67,88;29,75;51,15;210,34;166,35;175,87
2184;73,49;72,78;31,65;28,41;165,81;161,64
6647;91,46;60,99;176,89;122,21;164,87;157,31
8836;126,87;114,82;;111,04;164,25;138,81
1937;163,57;109,69;59,8;196,54;164,21;229,66
4637;115,1;236,56;183,35;148,4;164,18;189,91
9554;111,42;45,89;55,96;111,85;163,22;155,99
3491;144,6;63,73;264,36;63,08;163,18;203,5
51350;180,43;27,3;92,21;213,88;162,99;101,87
7040;207,28;31,89;99,57;124,68;162,83;153,08
5627;225,65;149,95;220,16;94,39;162,7;179,65
4322;;;;70,63;162,54;182,77
6711;114;89,66;136,99;529,52;161,34;237,57
7070;58,98;28,54;144,9;72,72;160,99;224,83
1012;44,65;44,03;60,06;28,86;160,26;120,43
8829;245,89;170,47;112,27;139,33;159,67;149,43
2739;80,34;62,63;92,04;78,84;159,21;139,07
9509;121,85;68,29;172,41;47,58;158,8;177,52
5683;107,86;153,86;24,99;99,06;158,03;181,17
25796;112,95;26,54;77,83;104,61;157,83;166,17
5159;187,5;163,16;46,87;23,34;157,31;103,63
10541;97,02;;44,93;75,29;156,85;128,47
729;;89,46;34,84;;156,77;99,36
10447;144,98;;232,15;187,44;156,62;46,95
1652;68,07;56,59;127,48;113,55;155,94;151,23
145864;145,31;48,65;53,52;281,12;155,03;207,23
10236;43,93;34,27;;83,06;154,43;121,88
125;163,15;52,09;45,74;89,43;153,71;168,86
29934;34,6;;44,76;40,57;153,43;111,1
162;162,91;29,98;;204,54;152,92;171,03
11041;159,45;42,91;43,36;158,71;152,67;200,41
8406;592,68;261,58;180,32;556,62;151,73;246,76
5033;;41,6;;193,41;151,44;168,78
5686;154,21;121,99;29,2;123,27;151,2;134,62
4669;875,36;332,66;;740,48;151,04;219,95
10146;;;44,73;49,23;150,74;131,34
3105;132,05;94,73;113,83;100,7;150,14;132,02
2022;73,57;;27,73;142,15;150,04;149,06
718;1496,9;717,18;386,45;354,84;149,96;178,25
52;38,48;34,55;107,64;70,85;149,81;110,17
2806;225,22;49,17;;214,48;149,44;203,39
4001;36,28;38,09;102,6;79,65;149,03;93,58
6251;55,5;59,58;55,29;102,62;148,84;151,73
3837;35,6;148,58;46,59;108,92;148,65;190,63
7316;113,83;137,41;102,98;154,54;148,23;175,27
10549;162,69;83,31;76,25;289,12;147,96;188,42
9244;253,66;173,58;175,46;273,72;147,54;168,25
328;66,34;;;64,83;146,86;179,09
115207;283,96;39,5;;274,89;145,88;253,92
6423;36,93;31,13;75,6;86,1;145,55;213,79
56034;130,49;60,87;130,5;182,77;145,03;159,69
342538;;88,38;;51,01;144,64;165,78
10961;33,18;60,54;94,2;167,02;144,53;143,01
8125;114,86;;37,23;84,15;143,43;131,94
1476;57,13;107,52;109,84;50,21;142,96;116,24
1435;231,95;112,91;122,63;89,72;142,88;134,13
25870;60,51;;34,41;42,65;142,23;130,96
54757;53,27;43,87;76,9;70,5;141,91;81,87
372;93,55;25,28;25,21;248,77;139,74;171,97
5682;137,62;63,06;63,48;179,13;139,68;129,68
23659;133,95;49,15;;132,25;139,63;140,39
506;185,35;118,84;;210,23;139,3;201,45
55740;26,84;;76,78;29,94;139,03;145,49
79987;794,35;161,77;297,08;906,01;138,73;200,39
8826;165,85;430,08;;87,58;138,48;411,1
27316;79,33;35,11;103,78;94,06;138,19;134,63
6709;252,36;492,05;180,69;500,69;137,51;359,72
10577;133,06;64,21;97,28;134,58;137,4;102,57
5692;123,58;97,64;;76,23;136,17;208,29
7042;36,76;77,16;114,6;34,13;135,73;98,88
1398;74,79;97,41;108,91;41,03;135,66;208,73
1296;45,9;27,57;83,2;;135,61;171,78
4629;269,57;113,17;132,06;308,39;135,35;186,43
5685;146,19;62,53;56,03;207,53;135,12;172,81
392;90,45;69,53;27,36;34,38;134,42;150,46
1965;83,1;59,89;;73,05;133,83;170,06
2805;205,84;56,06;28,86;185,04;133,08;99,93
6628;92,61;49,86;80,68;92,36;131,73;165,26
9469;68,83;80,97;20,66;72,34;131,66;143,53
23564;32,39;44,05;59,32;32,52;131,17;167,61
6217;26,83;;;113,72;131,16;67,4
5269;206,32;91,24;;244,03;130,64;127,52
7873;46,77;45,49;104,05;132,98;130,57;153
3336;83,86;143,76;121,49;157,89;130,47;105,37
347;172,46;184,46;165,13;95,18;130,31;145,96
284207;136,22;;111,94;105,33;129,37;136,15
7448;63,09;158,68;149,83;59,83;128,49;237,42
10330;76,62;37,59;112,76;124,35;127,36;115,8
5074;;;80,95;;126,93;121,73
6424;184,13;;80,39;302,19;126,9;117,25
1832;47,17;;;323,5;126,32;
9540;85,82;35,72;45,2;74;125,63;112,86
5549;350,74;144,78;274,51;101,53;125,59;156,18
3609;27,71;;29,74;132,4;125,55;118,82
23603;165,31;123,24;;185,99;124,6;254,6
2287;30;0;32,43;90,42;124,52;38,17
10493;111,01;98,31;;50,82;124,07;176,35
64093;272,26;80,31;338,24;184,81;124,07;151,53
2878;172,16;139,49;144,47;56,18;123,91;124,49
6426;;37,35;40,22;31,68;123,87;119,78
10247;31,64;;81,54;49,21;123,86;103,32
2239;150,06;76,33;;218,86;123,55;156,67
7317;52,04;68,51;40,18;128,21;123,46;257,96
6451;83,39;114,71;89,17;62,99;123,19;119,06
8038;99,24;;;98,53;122,89;66,73
1994;36,07;;90,02;113,95;122,79;141,09
2153;;90,53;156,17;;122,25;148,56
27122;50,23;;42,11;258,9;121,98;203,56
83658;36,8;22,71;92,56;;121,65;90,89
8470;49;;116,09;52,42;120,99;107,54
3612;80,07;;;109,61;120,9;122,77
1280;71,24;37,54;112,19;78,83;120,78;123,09
23344;52,55;;71,7;44,73;120,78;108,94
1153;;45,22;42,48;43,29;120,59;92,51
30001;;38,21;;123,34;120,02;140,2
5611;64,49;54,64;37,8;86,94;119,93;70,22
537;56,22;;36,63;38,34;119,57;124,09
57142;22,62;;28,32;105,35;119,43;84,87
4162;52,7;31,25;88,26;20,13;119,36;128,29
1522;156,13;71,91;59,4;247,81;119,17;160,38
8404;327,08;260,28;375,01;0;118,64;193,65
8751;46,45;;131,25;31,01;118,28;132,42
9902;82,65;79,99;63,86;119,51;118,14;117,01
85235;77,47;154;180,83;122,32;117,85;73,62
5684;175,23;87,56;67,24;203,41;117,22;162,3
3043;49,32;184,93;236,71;114,49;116,64;76,05
286257;;;67,74;;116,47;102,85
3908;2061,56;103,41;286,68;2646,31;116,31;325,46
3046;41,96;130,46;216,27;61,04;116,11;75,58
1646;340,35;97,18;87,97;170,29;116,01;129,35
5094;;37,54;31,04;73,34;115,97;154,82
2936;192,53;62,91;43,73;197,26;115,86;158,88
5721;;187,33;28,35;32,48;115,39;101,05
3958;41,19;31,93;91,81;50,51;115,28;84,97
3093;81,8;44,6;93,28;96,59;115,17;96,77
3692;;;32,79;70,93;115,05;112,77
57214;53,27;;;122,88;115,01;126,96
4897;;;;35,44;114,78;152,23
8301;123,08;95,14;;82,28;114,77;158,59
174;28,75;261,37;206,5;;114,42;105,73
3920;63,06;112,6;75,79;118,14;114,28;125,97
23071;77,16;91,12;45,62;127,26;114,14;126,16
27286;434,24;171,64;191,78;280,85;113,7;248,86
5691;229,9;48,82;23,23;125,82;113,57;180,85
55748;55,04;48,3;;35,07;113,3;128,34
6188;35,96;45,4;47,73;167,39;113,09;75,93
5701;;;88,1;;113,01;
9403;;;;;112,62;52,62
29995;;43,88;64,83;;112,55;84,45
56005;52,24;;48,39;145,34;112,4;102,52
2589;94,9;98,79;76,66;254,77;111,8;117,08
3308;98,32;73,88;;134,84;111,79;258,25
1410;48,15;;99,01;66,4;111,79;138,11
2590;416,77;99,49;48,89;310,97;111,71;109,37
10135;65,4;50,88;;62,16;111,01;146,15
7347;;;44,84;23,2;110,86;137,42
10094;61,79;63,45;92,88;56,86;110,18;115,7
64131;450,28;87,96;99,99;390,04;109,8;188,01
51150;192,96;115,59;96,91;162,95;109,73;132,33
6342;21,65;;60,94;50,01;109,37;95,31
10093;126,56;;90,47;171,07;109,08;122,12
23324;220,7;37,5;54,34;197,75;108,91;107,32
558;72,65;46,88;53,89;116,67;108,58;135,63
6204;;41,76;92,92;;108,58;27,37
5836;85,35;81,71;43,13;51,14;107,86;240,43
10935;161,87;79,62;41,77;112,65;107,28;131,21
4131;57,47;0;30,59;68,44;107;88,79
6624;62,82;98,13;;154,96;106,35;196,32
22919;;66,84;;;106,32;45,24
4835;35,35;;34,55;41,19;106,3;62,01
10576;23,49;76,49;;135,32;106,22;130,6
8615;60,59;;;39,72;106,08;
3698;91,54;214,66;146,43;207,56;106,01;96,52
5858;50,24;137,65;111,29;114,58;105,87;89,03
4507;79,38;;72,45;101,9;105,72;118,62
2194;256,22;77,81;42,17;423,09;105,59;129,98
9562;165,41;53,74;90,08;103,84;105,3;90,44
6421;;;46,1;26,75;105,11;101,96
1368;55,2;48,2;113,8;41,29;104,89;71,88
3481;369,63;61,89;200,85;251,9;104,82;86,42
5184;149,97;89,16;;115,48;104,82;114,68
7078;20,84;;;108,8;104,06;90,58
144501;152,3;54,07;77,02;154,24;103,92;102,07
11227;40,75;;37,35;108,92;103,6;110,23
6727;;;;;102,84;75,81
2135;88,86;34,39;51,18;66,74;102,72;95,19
2252;70,79;;;132,39;102,37;112,93
2617;36,89;114,1;48,28;;102,35;153,42
284;583,91;223,21;198,31;135,87;102,3;198,78
2638;;230,67;157,64;;102,29;63,59
2519;59,36;88,47;;107,19;102,27;94,23
2171;294,02;159,91;104,07;317,1;102,05;90,28
5125;73,78;86,33;187,56;37,09;101,79;216,9
64236;85,56;;67,14;;101,71;54,17
1213;107,39;26,56;37,12;218,15;101,18;292,36
989;30,68;75,89;91,43;58,16;101,05;116,4
55611;68,29;39,42;33;142;101,03;114,38
5793;97,08;20,56;34,31;48,97;100,96;79,81
4758;116,95;104,87;30,87;75,03;100,79;152,9
5644;224,11;39,79;84,44;98,02;100,44;60,78
10209;;;62,57;;100,34;65,39
6418;0;86,35;;66,39;100,04;105,09
11051;;0;54,01;55,89;99,94;82,31
6634;44,84;53,74;43,82;64,64;99,39;83,79
7453;72,5;;;136,39;99,32;115,9
2017;;;;;99,14;51,14
55623;;;;;99,13;33,77
9521;110,44;76,35;96,1;107,96;99,04;91,19
1203;101,77;77,65;;85,91;98,82;72,14
1514;77,98;123,58;80,23;140,53;98,79;114,2
55110;37,64;;;43,07;98,17;115,93
57819;;;;;98,06;64,11
6125;29,96;;;135,21;97,72;55,93
9141;;;66,66;;97,46;105,35
53938;;;39,53;;97,39;93,05
8880;;;24,89;;96,72;91,54
10920;26,99;;76,21;70,69;96,63;125,81
767558;36,96;67,06;57,57;36,18;96,6;54,4
3955;;;;;96,5;36,53
7295;106,05;121,23;98,28;116,78;96,48;97,32
10272;152,08;49,97;48,61;98,24;96,28;83,04
5217;55,62;87,38;82,88;60,87;96,12;87,74
8417;;;56,62;;96,1;90,96
51661;;;80,44;;95,98;120,86
11164;26,46;30,79;;43,21;95,77;120,84
84817;36,39;41,27;44,1;62,26;95,59;81,79
5837;;65,66;61,07;35,75;95,28;122,56
10096;97,25;104,82;53,67;198,65;95,05;150,78
10540;46,62;;;107,86;95,03;57,4
23760;;;;;94,89;55,98
284297;149,23;24,9;99,18;395,51;94,57;110,77
7296;144,81;189,56;36,29;183,27;94,5;185,85
729359;;48,67;25,39;47,27;92,84;57,44
1635;;;;;92,57;84,13
8754;;35,46;72,62;;92,29;70,94
7247;43,75;26,9;34,4;62,02;91,86;62,55
81889;77,05;;;15,78;91,79;58,19
6176;;34,69;45,03;;91,75;42,19
6227;;;101,21;20,21;91,55;61,97
6289;;90,7;81,34;;91,47;74,86
2286;27,78;31,19;34,44;55,45;91,47;48,22
10092;63,6;52,29;53,57;61,3;91,03;79,19
80310;178,21;146,2;77,17;63,38;90,73;85,46
128240;41,39;54,3;30,22;21,8;90,38;110,16
2896;65,63;;53,72;45,27;90,36;22,78
10043;30,43;51,28;;43,61;89,88;
102;37,41;23,68;41,37;83,59;89,77;82,65
23654;59,49;;44,31;47,71;89,7;96,71
10189;;;36,38;;89,37;76,67
830;59,26;;;125,96;89,3;123,21
2130;;;48,18;;89,19;46,65
9260;20,7;42,92;91,12;33,6;88,83;91,89
5049;37,63;46,45;57,17;70,9;88,66;91,66
3015;59,39;63,14;69,36;113,33;88,58;54,66
59342;129,08;230,41;77,45;134,69;88,53;89,58
50813;64,07;;;79,02;87,98;86,61
55577;39,71;33,92;;33,4;87,93;103,38
5202;42,11;21,29;42,48;52,6;87,59;87,6
196374;58,26;;;118,76;87,55;
6320;241,79;96,67;80,99;117,91;87,48;133,72
8722;293,12;78,28;70,08;108,97;87,03;57,48
8702;30,35;;;36,58;86,78;84,99
83442;54,51;52,28;62,59;47,08;86,44;87,78
5303;;;64,72;;86,43;61,8
23557;0;;71,7;62,69;85,63;64,16
1174;43,86;;;89,34;85,44;66,38
8828;168,41;65,4;;31,57;85,42;45,01
5547;;69,37;39,31;20,13;85,25;78,23
5111;23,56;;;;85,14;89,12
1399;;;;34,88;85,1;60,11
2273;51,19;34,09;48,05;80,76;85,08;79,29
833;40,82;24,66;;;84,86;64,26
403;40,38;51,72;37,53;46,12;84,42;68,61
1152;50,7;160,27;;30,21;83,99;101,06
9218;28,05;;62,74;62,38;83,66;83,51
6206;;;52,18;31,61;83,34;75,36
26135;;;79,07;74,98;83,28;43,72
5861;70,31;;45,31;53,22;82,6;106,76
6191;;;21,13;38,9;82,58;44,35
808;84,22;46,63;54,77;76,26;81,52;62,95
6152;15,1;;50,29;107,03;81,1;42,27
117159;134,9;49,32;56,85;88,78;80,88;44,49
4023;159,14;104,18;209,11;43,48;80,87;83,91
8570;;;48,45;45,36;80,85;87,25
7035;145,11;52,19;73,18;143,99;80,5;99,8
4659;;;53,6;;80,36;
7919;82,89;;;104,28;80,31;97,53
51474;;;108,55;;79,97;126,25
8533;63,72;58,05;57,83;74,58;79,82;134,84
2687;74,76;105,67;63,25;88,98;79,67;90,22
1397;;;78,24;43,93;79,67;91,16
4130;;;30,59;95,89;79,58;73,74
4741;47,72;50,22;74,3;74,16;79,37;119,48
4736;39,39;;;105,41;79,28;49
6717;;22,8;48,72;34,2;79,12;74,84
55737;123,51;45,89;29,61;76,31;78,94;106,19
351;146,21;120,73;91,75;122,8;78,91;148,83
8985;187,3;169,12;68,73;401,48;78,53;89,74
1777;40,37;38,2;;67,74;78,47;117,07
5886;;35,35;;;78,38;44,45
22948;56,59;;;87,45;78,27;99,97
2764;20,88;;55,82;;78,2;58,15
1845;;;;;78,14;27,09
83872;165,13;;;1933,94;78,09;284,14
231;33,08;39,27;44,19;84,06;77,84;62,96
92949;;;55,72;;77,71;83,47
7345;95,74;;95,11;116,02;77,29;107,35
8724;;;59,96;30,41;77;73,5
5696;32,31;;25,19;67,51;76,99;50,64
169611;56,47;36,57;51,38;;76,92;101,3
3916;25,98;26,38;29,99;43,52;76,76;61,98
22820;;51,1;49,37;104,31;76,22;79,15
6633;63,61;35,8;98,47;92,67;76,01;75,5
967;;21,97;38,16;;75,93;60,38
1306;;;0;238,5;75,56;48,49
645;46,68;59,81;57,44;;75,21;81,63
6234;53;76,7;60,76;28,16;75,12;94,53
29924;;;;;74,99;
1627;;;;102,04;74,95;88,05
10960;138,95;30,25;83,93;135,17;74,91;105,67
5908;51,36;60,51;50,85;73,05;74,9;80,96
10409;;;40,13;;74,77;67,31
2632;129,57;55,33;36,04;194,16;74,69;107,28
2517;105,21;97,31;44,12;87,63;74,63;60,87
4144;;;;75,76;74,61;119,07
1466;;;26,66;;74,56;40,85
3921;;48,91;;106,19;74,14;77,4
4245;103,79;32,48;33,02;91,93;74,12;61,94
5464;28,83;;;;73,72;156,06
5813;40,49;36,59;;49,06;73,58;28,72
2644;21,06;;49,38;;73,48;49,43
285704;42,26;;;68,57;73,23;56,15
97;;;50,27;;72,88;45,93
3895;0;;;74,88;72,53;70,4
3098;45,93;79,09;;303,14;72,47;133,27
9037;;;;;72,42;81,3
29789;;0;;71,85;72,11;134,99
6224;25,36;80,42;62,94;67,45;71,75;51,86
5694;209,76;100,45;69,65;232,47;71,72;76,37
27101;42,42;;;87,91;71,33;63,05
9230;39,92;80,19;73,45;83,62;71,08;52,85
9532;;27,34;38,88;29,77;70,93;52,99
113189;75,42;45;106,04;83,63;70,77;41,56
7332;55,08;33,28;58,08;48,32;70,69;67,35
285362;;82,02;;63,27;70,57;35,51
10890;59,15;;45,31;48,09;70,42;77,16
4124;140,32;;28,74;97,61;70,23;214,43
6613;43,65;34,24;70,39;46,95;70,18;66,75
23673;;;;;70,13;20,61
2720;77,14;31,87;;42,49;70,07;69,25
50865;82,09;31,69;44,19;96,33;70,03;42,14
5901;27,05;;49,58;40,26;69,95;39,52
83638;35,43;0;42,66;;69,53;55,19
975;122,65;;21,02;104,12;69,49;72,59
27068;;;;;69,33;62,46
6396;56,78;60,28;;73,89;69,22;87,07
3425;30,48;;;39,74;69,15;88,8
56954;;38,01;;32,88;69,05;67,73
9445;45,92;108,48;33,06;55,28;68,95;72,25
2730;;;;67,98;68,78;73,16
513;;;;40,82;68,64;56,53
8566;33,68;;27,38;28,48;68,48;67,85
56983;;;;81,56;68,46;
5796;;25,87;80,19;34,86;68,3;99,56
23193;103,65;;28,87;206,17;68,22;49,71
145165;;30,59;53,4;;67,81;104,04
81876;70,31;;45,31;48,09;67,77;106,76
6742;58,19;41,49;74,56;75,48;67,77;70,54
51501;;20,63;59,03;;67,72;61,4
377;58,52;;71,48;33,3;67,58;85,87
3417;67,53;61,52;;38,81;67,57;81,61
5552;83,38;;53,2;178,88;67,42;55,39
5887;;;;;67,39;32,68
11140;;;;;67,27;45,16
10539;;;;;67,11;40,48
8562;;20,18;;;66,81;
56886;170,01;;;197,2;66,66;87,84
8666;;;;34,37;66,63;64,1
11096;;;;;66,32;48,15
3106;;;68,72;71,67;66,26;60,19
57103;28,65;44,41;;88,93;66,05;63,53
9939;;;28,32;32,41;65,69;63,23
10380;33,79;26,54;;76,3;65,53;112,65
10801;0;;20,06;44,77;65,25;33,22
9987;33,74;38,76;46,54;62,35;65,21;52,71
10072;;37,75;;42,11;65,19;140,97
57175;35,65;40,96;43,35;39,25;65,18;62,34
4925;48,97;25,72;61,59;49,55;65,02;39,18
25927;69,02;;63,83;57,21;64,85;80,08
11316;;;26,56;;64,84;81,11
388698;121,45;;39,05;80,88;64,62;25,57
27044;;;;;64,46;92,5
3187;;30,71;60,6;;64,42;80,27
10016;23,39;70,98;68,66;63,24;64,26;63,46
6228;;;;52,53;64,22;58,58
6288;;55,77;40,73;;63,98;36,45
6135;58,72;;31,6;102,86;63,82;79,26
3184;33,74;38,76;46,54;62,35;63,8;52,71
10979;43,81;;66,44;99,83;63,47;95,71
2629;;;29,5;29,43;63,34;59,28
865;;;;;63,31;
3182;38,27;;;63,1;63,3;56,46
5594;;;;;63,29;54,96
51031;65,96;;76,7;75,79;63,18;111,73
79932;28,56;;59,18;36,49;63,16;60,75
51115;;;;20,7;63,09;61,05
22818;26,33;;49,39;54,2;62,64;52,8
10963;;;48,09;;62,58;68,43
4316;55,3;;31,52;49,19;62,44;32,59
2717;59,47;;;43,96;62,26;61,37
7175;48,42;;;39,59;62,26;50,46
10591;30,53;;;23,97;62,16;
85456;;;36,42;;62,12;43,83
30008;110,23;;26,29;160,38;61,88;49,81
2040;252,46;;;255,38;61,71;107,95
7329;;;49,78;25,59;61,5;50,55
84617;;71,09;46,26;29,01;61,43;105,37
6902;;;58,23;;61,08;29,38
93487;;;;;60,69;46,28
26007;58,91;;;65,42;60,68;86,01
9798;;;;;60,54;
191;86,78;44,12;31,75;102,3;60,53;133,64
6635;43,95;24,54;35,19;20,06;60,23;66,55
29085;42,91;;;;60,16;75,89
9352;40,41;;;46,49;60,12;127,89
8635;85,39;36,82;73,42;63,86;59,96;63,58
4057;64,79;106,24;106,03;42,28;59,87;62,88
5179;122,77;22,81;40,56;95,89;59,84;37,54
140606;;;31,6;;59,68;60,86
10726;33,13;;;68,81;59,63;30,44
3949;;55,79;;;59,59;41,91
5156;;48,13;;35,94;59,55;29,14
6830;48,08;47,18;45,52;41,4;59,5;45,1
10360;;;;;59,49;54,43
654483;21,22;;58,5;23,12;59,44;51,88
4048;191,6;;;144,69;59,41;187,2
7411;;;;27,03;59,41;
5617;;;49,39;28,55;59,34;41,68
81873;;41,05;94,76;63,42;59,21;63,7
5050;;;58,83;29,93;58,95;47,07
5707;36,39;50,41;;52,56;58,93;74,21
2131;60,23;;;258,72;58,92;93,67
83716;;;;;58,91;67,48
2745;55,29;66,69;69,84;58,83;58,78;76,5
25996;;35,79;;;58,75;54,44
6387;42,92;;83,83;80,46;58,6;57,33
83481;55,06;65,67;38,43;73,2;58,49;63,89
5510;58,27;43,92;;46,03;58,33;
6906;27,5;191,9;112,66;31,93;58,18;36,27
9334;75,93;38,44;33,49;80,87;58,11;46,37
2885;;;28,18;24,3;58;49,15
80781;119,8;;102,98;132,24;57,79;32,57
47;360,89;67,55;;281,94;57,72;102,46
4729;;;;31,96;57,55;47,5
175;59,69;;67,36;79,48;57,54;93,81
1294;404,3;;;754,37;57,42;140,34
1984;30,62;82,94;27,73;58,5;57,4;59,68
3068;41,35;;63,38;;57,36;44,92
7334;85,98;25,93;101,47;119,08;57,12;115,69
140576;33,45;;39,73;27,09;57,03;38,93
22872;;;38,88;34,58;56,9;108,94
5879;66,05;;42,94;84,91;56,71;54,19
4069;;45,56;50,56;57,94;56,21;
3313;77,68;;;132,92;56,11;140,06
9559;55,42;;;137,66;55,96;64,2
210;97,1;;;119,55;55,76;39,95
1974;28,55;71,65;32,6;59,38;55,66;114,55
51035;;;;;55,55;
5300;;;;;55,51;32,87
2331;70,06;66,52;91,65;64,61;55,09;70,63
3083;;79,97;126,11;;55,09;
54165;28,27;;;49,74;54,92;29,28
4668;;46,58;;;54,57;74,83
222663;89,95;;25,88;110,57;54,37;61,14
25911;;;;37,39;54,27;38,12
5538;39,14;32,07;;59,35;53,8;64,49
5524;93,97;;;85,28;53,52;97,19
8804;25,88;39,42;37,86;24,6;53,37;62,65
51020;;;;;53,36;
6038;298,24;83,26;137,03;115,16;53,29;95,23
389541;31,57;;;57,86;53,22;
26092;;;28,7;;53,21;41,59
10449;145,68;24,52;;96,57;53,19;54,61
1854;;;35,79;;52,65;46,24
55313;162,69;;54,43;71,58;52,6;76,65
462;;69,48;52,85;;52,32;52,97
5819;;;;;52,19;30,92
5048;73,24;;;77,11;52,04;64,67
5500;58,32;52,38;;53,54;51,83;50,69
2274;;26,26;24,01;38,76;51,46;30,62
54472;;;;;51,2;31,11
2495;56,92;35,7;36,34;62,91;51,18;43,76
4809;;36,63;51,64;28,84;51,13;48,25
8572;;27,55;35,59;;51,05;33,86
5711;;;;38,06;50,91;50,99
2944;30,52;37,28;39,95;;50,84;
11344;31,11;;29,32;;50,8;83,66
6500;;;40,56;47,61;50,78;45,63
51138;33,56;;;74,15;50,66;38,85
1314;29,02;;;161,76;50,64;51,77
55707;;;31,36;;50,59;52,93
966;44,17;;;48,77;50,37;38,44
6208;41,69;;35,43;55,81;50,25;35,88
222068;20,36;;46,19;;50,18;
84695;72,03;41,97;51,11;94,12;50,12;61,24
3913;165,51;;31,36;136,11;50,09;57,26
1632;86,24;;;92,21;50,07;
375790;76,58;28,55;;862,99;50,03;104,19
22949;135,54;;;86,25;49,88;75,47
6649;153,36;;68,97;24,94;49,86;86,35
10197;;;;47,92;49,79;48,49
6723;;;;;49,65;87,88
10082;77,16;55,29;;125,42;49,54;53,87
3035;52,46;56,15;;68,05;49,5;89,89
51552;46,99;;38,41;43,68;49,28;47,81
5870;57,67;;38,41;59,84;49,28;47,81
28971;;;39,77;;49,28;38,04
11212;;;;;49,21;30,69
11163;;;;;49,05;41,63
526;;;26,89;33,66;48,95;
1429;26,12;;;28,08;48,92;52,87
642;;26,08;;47,67;48,82;69,34
8649;40,65;40,26;37,39;40,18;48,77;41,93
9131;63,23;72,52;30,37;67,89;48,7;148,23
132789;146,73;;;119,32;48,44;65,57
4677;0;;;33,57;48,44;33,19
4121;181;56,12;64,52;79,17;48,32;48,65
8544;;43,11;29,41;;48,29;32,27
6210;36,54;;;37,43;48,23;39,11
1063;48;35,94;42,26;36,06;48,2;59,54
26227;0;134,46;53,65;68,02;48,08;117,99
10342;;21,9;46,55;45,87;47,83;48,87
8815;;;23,2;;47,8;
26509;;;57,17;29,33;47,73;35,17
8078;21,5;32,02;;42,23;47,61;33,11
5566;0;;;49,12;47,53;63,18
392255;109,83;;;96,05;47,46;45,44
2260;;;32,61;;47,41;31,41
64855;49,94;46,55;;45,99;47,37;52,17
140809;;;34,29;;47,33;51,95
8434;114,87;;74,51;;47,31;62,58
5212;493,05;112,8;187,96;;47,26;
6156;;;54,47;69,63;47,24;58,35
2079;47,69;31,16;59,03;75,76;47,2;50,54
256691;175,23;;;39,77;47,1;57,51
51181;81,61;;42,82;119,69;47,04;71,73
84324;;;;;46,9;
8668;;;41,87;;46,88;66,6
5036;;;;;46,75;
493;;;;;46,69;
10095;73,27;34,11;;133,39;46,68;86,16
22844;0;29,5;49,79;0;46,67;36,7
3489;148,09;37,42;79,62;;46,63;39,82
6223;28,42;;44,23;69,98;46,46;53,92
9973;;;;;46,46;56,09
128;144,17;;28,2;60,28;46,41;52,97
29937;;;;;46,41;35,34
3843;;;;82,58;46,4;143,52
58513;;;;26,66;46,29;45,12
148113;41,75;;53,16;97,91;46,27;45,66
11335;;;;;46,19;23,31
1805;133,87;;39,32;;46,17;
10109;;;;87,41;46,15;49,16
6230;;;38,46;69,1;45,88;41,93
2752;78,61;;;50,48;45,86;24,43
95;;;;;45,85;28,52
51726;;;;39,46;45,8;
388697;74,37;;;26,22;45,78;
7319;;;;;45,71;
5723;;32,73;29,46;61,05;45,7;45,93
6207;;;33,59;30,93;45,68;25,89
5706;;;51,48;;45,6;61,41
3952;49,3;66,35;70,21;;45,51;39,31
355;;;;;45,27;22,54
374659;;;;;45,21;44,03
79017;50,48;;;90,36;45,08;43,94
80380;;;;;45,08;75,78
58478;;;;;45,02;56,51
10417;78,65;63,59;70,87;32,96;45,01;80,08
4026;;;50,94;;44,96;25,42
6146;;41,24;43,01;;44,94;41,61
79180;21,38;;;;44,85;58,34
9086;25,09;;23,67;;44,8;
10105;;;;;44,73;20,09
378;29,19;;;41,72;44,62;55,75
7458;53,6;;43,51;47,17;44,41;67,11
6422;53,58;44,35;79,08;44,97;44,37;36,96
10174;;;;;44,29;
3040;45,04;62,92;87,2;49,82;44,18;40,8
3423;;;;;44,12;51,04
23549;;;;;44,04;44,22
10491;65,39;39,09;;122,68;43,99;114,03
998;;;;55,59;43,99;30,94
27095;25,56;;43,19;37,97;43,84;38,4
51569;;;30,31;;43,84;48,64
6427;;30,27;48,26;;43,79;46,16
4919;;;;;43,78;56,7
11328;;;;30,73;43,77;58,79
6626;;;;63,46;43,73;
5919;;;39,96;39,78;43,68;
4256;69,79;42,83;168,53;;43,5;24,6
55970;53,06;;;88,69;43,43;31,89
84898;45,81;33,09;33,25;36,01;43,35;59,19
51279;175,95;96,32;68,35;139,55;43,19;45,8
6231;;;;;43,09;29,98
11173;48,26;62,48;;283,1;43,07;47,01
5345;;66,22;60,35;;42,88;31,2
1036;25,94;38,5;43,57;;42,59;37,76
8455;104,84;;43,12;87,83;42,55;43,81
327;117,54;;;93,12;42,54;54,04
5903;;;;;42,34;
10007;55,88;;;68,3;42,25;40,96
4673;;;;;42,13;
23670;;;;;41,96;55,65
283;47,94;;37,86;35,33;41,86;40,47
5518;;20,03;;29,23;41,78;46,91
9636;;;40,6;;41,72;31,78
51200;0;;;254,91;41,71;40,15
5550;69,01;;;54,52;41,71;69,59
112574;;;45,68;;41,71;29,31
3608;55,96;73,48;;236,18;41,65;165,37
411;56,96;0;33,79;78,02;41,5;61,69
8721;;;45,1;22,11;41,46;37,1
708;29,58;;;;41,42;47,29
6510;21,88;;;166,95;41,36;57,44
51071;52,77;;;;41,19;53,22
1371;;;;36,04;41,18;50,89
55568;27,86;;;32,38;41,04;34,59
8027;;;;;40,96;
11235;;;;31,48;40,85;22,25
2147;;;59,44;33,13;40,76;46,58
30846;;;57,66;;40,54;40,97
10516;65,47;;81,22;131,93;40,52;89,36
7323;33,05;20,49;32,57;44,5;40,48;43,91
5673;;;;;40,47;53,72
529;;;;;40,34;
57132;0;;;38,03;40,27;51,9
3888;29,26;27,3;0;92,91;40,25;30,13
3890;69,76;27,3;0;77,51;40,25;30,16
170384;;;25,65;29,97;40,18;49,82
9943;;;71,63;;40,11;34,86
6205;0;;23,5;0;40,03;
4199;142,98;20,6;30,7;96,72;40;23,48
373;;;35,55;0;39,95;50,32
51699;;;30,35;24,04;39,95;35,98
3988;46,65;37,28;25,18;51,11;39,82;34,62
9097;42,88;25,75;;36,6;39,74;74,82
3688;21,19;;43,21;32,96;39,68;52,81
2193;;;;31,98;39,59;80,16
5201;28,12;;52,61;;39,53;35,87
64746;;;;;39,28;28,32
7264;58,16;;;31,85;39,18;69,16
2882;;21,57;;;39,03;60,54
126393;;;29,15;;38,98;26,84
6279;30,09;43,87;0;38,07;38,96;
10097;62,79;;;58,3;38,61;91,38
64342;;;;;38,55;32,22
6189;;;;23,53;38,53;
11258;0;;25,54;0;38,47;0
3029;;;32,7;47,96;38,43;41,34
3189;;;;;38,3;29,2
85450;;;37,92;;38,27;37,88
23576;;33,62;;31,52;38,24;99,29
2107;30,12;;;68,89;38,23;28,71
4969;32,79;;;57,67;38,03;27,12
567;104,13;48,52;47,88;141,65;37,98;23,2
8519;60,9;;;52,21;37,95;
51110;28,73;37,37;;43,64;37,94;31,77
1968;33,23;;;115,11;37,91;98,19
689;;;;;37,86;31,69
5862;87,39;;;132,34;37,81;43,14
1954;69,24;;;109,2;37,76;44,07
79006;34,6;;;25,4;37,67;47,95
3699;;82,71;130,3;38,52;37,64;34,09
80328;;24,12;;59,75;37,63;64,19
9246;;;;;37,55;
8624;;;;;37,32;46,73
29089;;37,32;39,32;;37,27;
93624;;;26,93;;37,23;
6897;63,67;;;27,71;37,21;22,99
4738;;;36,82;;37,17;37,17
123228;;;;;37,09;
5373;;;;;37,05;38,79
4724;;;;;37,04;22,64
2937;100,15;56,1;26,27;105,87;37,03;62,16
249;51,12;;;78,25;36,97;
115098;;;21,89;;36,94;26,65
347862;;;30,08;;36,88;39,44
353;;;;42,97;36,79;
57680;43,95;;;;36,7;30,98
51690;34,17;;0;0;36,66;33,52
64175;59,42;40,78;38,66;130,5;36,56;134,06
10923;22,63;;;;36,51;47,91
8073;;;;;36,5;31,58
114902;40,62;;;116,26;36,45;52,65
134147;40,37;;;46,19;36,45;29,74
57863;;;;;36,44;33,31
23646;54,14;;;88,57;36,42;46,1
8910;;;;33,18;36,19;
6694;;;25,9;;36,16;41,27
3422;;;;31,3;36;54,1
8209;25,56;;43,08;44,94;35,91;
113675;;;;;35,86;
9173;;;;;35,82;44,6
25903;48,4;;;62,76;35,77;81,13
373156;;;;43,55;35,38;
8634;;;;;35,34;
285148;;;;35,63;35,18;41,02
23164;;;;;35,17;
1992;97,75;28,86;;51,82;35,15;90,34
4681;;22,34;20,81;0;35,13;30,81
1975;;;;;35,09;
1175;;;;30,32;35,06;21,57
112936;39,01;;;66,57;34,94;
64388;;;37,35;;34,93;42,94
6923;;;;;34,87;23,92
55276;24,16;;;57,89;34,85;113,43
5357;40,22;43,67;27,9;43,15;34,8;92,3
5274;136,76;80,32;;82,14;34,67;80,82
324;44,81;33,07;;26,16;34,62;26,4
908;47,42;;;91,76;34,61;73,24
1475;;29,66;;21,52;34,56;22,5
11144;;;;;34,53;
1768;;34,6;31,43;16,28;34,51;41,13
3295;;;;62,34;34,4;44,58
2512;;;;35,65;34,38;32,17
6726;;;;61,76;34,36;31,99
56925;;;;29,42;34,21;45,15
5859;;;23,92;;34,11;33,61
6137;;;;59,09;34,06;
64094;39,31;;45,71;37,3;33,93;38,69
771;;;21,98;22,44;33,93;28,87
51056;208,28;18,09;;191,8;33,92;172,79
84681;;;;;33,92;
1264;;;37,72;;33,81;
960;;;33,02;;33,8;34,06
3162;;;;;33,79;0
10574;75,13;;;70,25;33,78;73,11
79827;;21,14;;;33,77;32,26
5698;24,65;;;83,99;33,49;
929;;;;;33,49;30,94
10399;;;26,82;163,36;33,4;72,08
84064;54,09;34,13;31,47;44,44;33,37;38,31
5695;37,6;32,81;31,5;39,26;33,25;42,93
5876;;;;;33,25;
55832;39,4;;;47,57;33,25;131,56
1211;;;29,53;;33,18;32,56
1622;;26,79;29,19;;33,09;24,77
6120;;;0;;33;0
1;;38,27;40,96;;32,82;31,47
7424;;;26,68;0;32,7;49,59
56061;;;;;32,6;64,94
6632;;;;74,05;32,58;75,25
64359;;;;;32,54;
5714;28,91;;;32,49;32,52;28,06
23509;30,52;;;36,14;32,4;29,62
6520;;;;;32,34;46,26
10992;;;;;32,11;22,57
5902;;;;;32,08;
3482;;;24,44;122,13;31,93;31,63
51119;0;;;;31,92;29,3
5236;23,31;154,84;36,3;93,89;31,87;263,97
8607;65,42;45,94;;206,61;31,83;117,02
9255;;;;33,88;31,79;
9180;;;;;31,75;31,68
5868;26,03;;20,12;48,72;31,66;26,35
5878;26,03;;20,12;73,46;31,66;26,35
5817;;;;;31,65;41,96
7178;;21,87;25,57;20,77;31,64;46,83
89777;;;;35,17;31,57;
27098;;;;;31,57;
26577;131,98;;22,14;124,58;31,49;52,78
1660;;;30,05;;31,39;38,84
6281;;26,06;41,29;;31,36;26,84
23521;;;;;31,36;
57026;;;;32,49;31,33;
51377;;;;;31,29;
2782;32,85;;33,47;;31,25;41,51
10910;;;;;31,22;21,03
7145;;;30,02;;31,15;
7328;;23,13;;;31,06;
54987;;25,84;;;31,05;25,45
51317;;;28,44;;30,98;33,54
6165;;;33,24;;30,94;29,05
6921;;;;;30,86;25,5
131578;;;;;30,85;35,11
51506;26,48;;;30,17;30,84;32,61
581;;;;57,37;30,82;
51534;;;;;30,78;27,21
8825;;;;42,14;30,75;43,51
51313;;;;;30,73;43,01
23325;;;;;30,69;
387;;;;22,73;30,68;
5805;;;;;30,48;
57092;;;;;30,46;23,57
10142;;;;0;30,45;0
4043;;;;27,44;30,45;
54732;;;;62,4;30,4;
23467;;;39,92;;30,38;40,67
343450;;40,76;37,66;;30,37;
9696;;33,54;36,54;26,75;30,31;31,21
2992;;;;29,91;30,15;64,31
2521;;;26,84;;30,15;
142;;;;;30,15;
6432;;;33,89;;30,13;
1029;;;;;30,08;35,95
51160;;;;23,34;29,97;
139324;;;24,95;;29,96;33,59
3054;33,6;;;36,19;29,94;23,98
2199;114,56;;29,88;76,14;29,93;45,24
57799;;;20,22;;29,93;
4832;37,26;;;65,13;29,87;
64072;;;;;29,83;0
3329;201,18;45,47;;223,39;29,8;41,97
475;;;;;29,7;
8266;;;;;29,56;
124220;;;;;29,54;
10397;;;;;29,44;
4045;;;;;29,42;
9978;;;;;29,38;
81029;56,43;;;;29,05;
2746;105,58;;;78,92;28,91;39,04
55651;;;;;28,91;28,79
127435;175,04;;;102,78;28,9;41,05
23643;;;;23,88;28,87;
8655;;;;33,81;28,84;
10605;;21,85;;;28,79;50,01
65125;;;;;28,73;
11338;31,73;;;24,31;28,62;55,3
80760;85,84;;;203,86;28,6;42,55
3034;;;20,02;;28,6;
1770;;30,8;35,61;;28,54;
1728;;;34,25;31,59;28,52;30,86
1155;;;;;28,39;51,35
100137049;;;;;28,23;0
51060;;;26,73;;28,21;35,54
51330;;;26,44;;28;
7871;;;;;27,92;
6675;;;;29,02;27,92;
79846;;;;;27,81;
257194;;;;;27,68;25,36
55937;;50,28;44,72;;27,54;
143903;;;;;27,49;44,71
25884;;;;;27,31;
6386;99,06;54,6;;61,17;27,29;26,96
223;63,38;;51,52;92,25;27,27;32,24
51639;;;;;26,81;
83787;;;;;26,55;40,55
10313;;;;71,69;26,34;
10980;;;;33,58;26,31;37,33
51616;;;;;26,25;26,23
1655;;;26,74;46,04;26,24;
5715;;;;;26,1;0
131873;;;;0;25,97;
55501;;;;;25,77;
54936;66,06;34,31;;48,38;25,46;39,62
55573;;;;;25,35;
57511;;;27,24;;25,34;32,95
22827;;;;33,25;25,11;25,18
1639;;;;;25,06;21,85
9349;;;;;25,02;
5304;;;;32,95;24,99;
129804;;;;;24,99;35,53
7052;32,64;0;41,24;81,41;24,94;59,51
9043;;;;;24,91;31,37
10598;;;;30,78;24,86;32,37
8682;;;27,61;;24,81;
5306;;;;;24,77;38,04
3267;;;29,79;;24,63;43,99
6385;;;21,47;;24,59;37,35
3881;72,77;;;204,11;24,57;
3884;89,92;;;201,57;24,57;
6487;;;;;24,46;
22943;;;;25,64;24,45;
51668;;;;;24,32;
25797;56;;;29,37;24,29;
9550;;;;27,51;24,28;
3728;45,52;;;137,55;24,19;
79709;;29,91;26,91;0;24,14;
7536;;;;;23,98;29,95
9958;;;;;23,96;
51248;;;;;23,78;
283629;;32,95;25,23;;23,68;
51596;;29,26;;;23,52;22,61
1662;;;;;23,51;
1486;;26,73;;80,23;23,43;110,94
8905;;;;59,55;23,4;
23589;;;0;;23,26;31,19
8775;;;;26,94;23,19;63,76
3185;;28,96;;;23,15;45,32
8664;;;;;23,12;
131076;;;;32,06;23,11;28,85
2760;41,46;62,27;28,82;41,17;23,04;29,07
7408;;;38,52;;22,95;33,61
57019;;;;29,89;22,95;24,02
114757;;;;25,02;22,81;
822;25,08;29,17;;44,14;22,8;29,46
2947;38,22;;30,55;43,15;22,77;42,79
10015;39,72;;;52,52;22,66;21,37
94025;;33,04;;;22,61;
26000;;;;;22,55;
170954;;;;;22,51;
171024;;;;;22,41;
3569;;;;22,72;22,36;
51645;;;;;21,89;31,48
26472;;;;;21,83;
3827;;;;;21,53;
10652;62,27;;;41,58;21,4;37,11
563;63,24;35,73;36,82;;21,39;
55862;;;;86,17;21,26;48,24
199746;;;;23,47;21,18;34,07
22998;;;;;21,12;
60682;;;;;20,99;
126567;;;;;20,97;
6169;;;;24,81;20,53;
173;;46,31;43,3;;20,47;
1315;;;;30,64;20,36;
10525;33,17;;;0;20,19;56,73
368;;;;;20,13;
6182;;;;;20,01;
83451;;;;;20;
112464;;;;;19,89;
5702;;;32,53;0;19,04;29,1
9657;;;;;18,38;
55745;;;;;16,41;
134492;;;;;13,66;
79575;;;0;;0;0
334;29,68;118,86;0;;0;23,49
653;;0;;;0;
93664;;;;;0;0
80184;0;31,29;;0;0;
11064;0;;;0;0;0
5426;0;;0;0;0;0
1767;;;;;0;
667;;;27,69;0;0;
27133;0;0;0;0;0;0
4036;;;;0;0;
23499;33,23;;;0;0;
51168;32,5;;0;30,93;0;25,89
220323;0;;;51,25;0;25,92
8481;;;;0;0;
23244;0;0;0;31,81;0;37,14
253959;;;0;;0;
6341;0;0;33,7;37,29;0;0
3735;;;23,27;32,81;0;36,06
23345;33,87;;;;0;0
7203;90,79;58,81;0;294,31;0;152,63
56154;;24,9;0;;0;0
7273;;14,51;0;25,88;0;
83889;0;;0;;0;0
140469;;;;;0;
8031;;0;;;0;
341676;;;;;0;
9271;;0;;;0;0
23112;;;;;0;
80323;;;;;0;
391059;;;;;0;
2674;;;0;;0;54
2960;;;0;;0;
55187;;;0;0;0;0
2275;;;;31,89;0;
1981;;;;24,42;0;
4841;;;;29,81;0;0
765;;;;;0;
55246;;;;;0;
153222;;;;;0;
55137;;;;;0;
3718;;;;;0;0
9735;;;;;0;0
259197;;;;;0;0
10204;;;;;0;0
55163;;;;;0;
10291;;;;;0;39,53
25942;;;;;0;
401548;;;;;0;
22978;33,5;;;33,89;;46,04
4907;86,05;;;;;57,34
4521;32,07;;;;;
23461;;0;;;;
64240;;;;0;;
98;31,47;;;;;
83440;39,91;;;;;
165;36,52;;;176,64;;
113146;;;;;;21,28
64853;25,79;;;32,99;;33,92
8227;;;;0;;
278;26,5;26,75;;49,89;;
91074;0;;;36,09;;
9068;157,41;;;;;
23452;226,35;;;36,58;;
51378;115,54;52,17;132,28;;;
56899;;;;0;;
84168;26,15;;;;;
311;36,71;;;47,02;;
307;47,22;25,65;0;52,14;;51,41
310;0;;;;;
164;;;;50,85;;
8907;30,51;;;41,59;;30,56
91056;0;;;;;
10974;24,1;;;;;
4018;32,65;;;;;
23780;24,82;;;74,45;;
435;103,34;;;;;
79798;24;;;23,84;;
79913;;;;38,05;;
64431;25,13;;;;;
10924;17,65;;;;;
439;31,95;26,05;;;;29,43
259266;;;0;33,89;;0
445;;;;29,26;;
93974;0;;;;;
472;0;;;;;
9510;209,19;93,96;71,12;54,82;;
9508;24,41;;;0;;
84752;69,41;;;60,24;;
2990;36,33;;;22,43;;
91653;73,45;;;;;
23774;;;;;;28,19
29071;27,11;;;;;
51719;27,84;;;59,5;;41,97
767;;;26,87;;;
823;28,92;;;67,06;;0
10753;35,1;;;;;
836;31,53;;;59,4;;
23581;;;;32,03;;
1075;21,16;;;33,54;;
1513;83,75;;;;;
1519;67,67;;;56,83;;33,56
1363;49,63;;;;;
55749;25,65;;;;;
85478;;;;23,47;;
493860;0;;;;;
55231;28,9;;;;;
79577;27,45;;;0;;
222256;0;;;;;
55835;0;;;;;
84952;;;;0;;
79643;0;;;;;
79586;31,66;;;26,62;;
51363;57,95;;;;;
8483;58,01;;;;;
28970;50,17;;;25,34;;26,02
10970;85,11;35,98;;39,82;;
23332;;;;0;;
1212;46,75;;;;;
8218;47,21;;;41,99;;33,89
6249;0;;;32,72;;
1285;31,13;;;35,66;;
7373;253,05;;;434,13;;28,85
1307;46,59;;;71,9;;
51004;25,26;;;;;
2873;30,83;;;32,05;;
10987;40,48;;;24,95;;29,98
64084;0;53,52;0;;;
23446;68,42;;;69,04;;
23191;;;;14,33;;
100506627;0;;;;;
1642;40,69;;;62,13;;27,45
8886;;;;0;;
83479;0;;;;;
1667;33,57;;;;;
3290;42,07;;;;;
56919;33,75;;;0;;
54431;25,91;;;26,34;;
1738;141,32;;;193,62;;
9940;40,71;;;44,28;;
1756;0;0;0;23,02;;24,19
23268;0;;;18,21;;
1823;28,61;;;;;
1828;44,92;;;63,42;;
143241;0;;;;;
146754;;;;32,57;;
1769;;;;0;;
1778;0;;;107,07;;
1891;65,03;;;98,25;;51,73
1892;41,06;;;64,85;;34,01
10102;31,48;;;;;
8662;;;;23,35;;
8663;28,08;;;30,96;;36,93
23052;70,82;;;66,65;;
5167;73,1;43,08;26,11;;;
57634;;;;0;;0
10544;26,29;;;28,13;;
51752;96,86;26,78;;119,72;;120,84
26059;0;;;;;
2081;0;;;;;
54465;;;;0;;
91828;26;;;0;;
2132;98,3;;;208,59;;103,52
83648;31,04;;;;;
79632;30,24;;;46,28;;
55578;;28;;;;
128876;33,5;;;0;;
51011;39,4;;;0;;
2195;31,99;;;394,91;;
8857;;22,95;;;;22,04
2241;;;;0;;
197;198,71;;;136,11;;
2339;37,04;;;39,26;;
2224;46,58;;;39,3;;
5738;33,27;;;;;
9563;37,33;;;66,32;;46,47
2581;40,12;;;;;
130589;38,18;;;;;
2650;87,84;;;25,89;;37,74
87769;38,2;;;46,13;;
10437;48,81;;;50,28;;
2771;45,24;;;37,24;;22,47
2778;48,46;22,25;;37,24;;0
2729;25,65;;;25,81;;
2734;107,59;;;;;
3009;0;;;0;;
440093;59,48;;;64,81;;
3094;37,31;0;31,31;40,17;;24,96
4670;;;;28,83;;51,97
10075;40,18;;;18,52;;
3101;32,19;;;;;
2052;70,52;;;65,07;;
3479;36,44;;;86,9;;
3570;29,55;;;;;
3625;62,46;;;;;
3628;48,2;;;;;
140862;32,53;;;;;
3672;0;;;;;
3685;84,4;;;;;
9358;528,83;;;484,24;;
339123;38,06;;;30,81;;
9703;0;;;;;
57587;0;;;0;;
25959;27,99;;;;;
5576;;;;0;;
817;51,33;72,34;45,99;64,4;;
5927;;;;;;0
5593;21,63;;;;;
374654;23,56;;;;;
7084;27,09;;;;;
448834;26,77;;;;;
3889;48,06;;;155,61;;
3891;42,86;;;86,09;;
3909;;;;0;;
6741;22,21;;;46,99;;42,75
132884;0;;;;;
55203;;;;;;0
3977;;;;34,18;;
25802;;;0;;;
10128;;;0;;;
987;;;;0;;
375387;;;;0;;
55631;33,07;;;38,36;;
85444;;;;;;0
53353;;;;36,54;;
79705;0;0;;;;19,18
9448;;;;;;0
89876;19,3;;;;;
5648;41,47;;;;;
4146;0;;;;;
4147;50,62;;;;;
9782;;;;;;23,56
4081;32,01;;;;;
8720;25,81;;;22,89;;
23195;26,49;;;;;
5469;;;;0;;
79084;37,42;;;;;
8076;60,17;;;58,13;;
9258;;0;;39,51;;
23269;0;;;;;
4247;0;;;30,92;;
4249;34,64;;;53,37;;
64780;;;;0;;
1432;29,65;;;40,67;;33,75
8085;;;;;;0
440738;24,11;;;;;
4327;107,66;;;;;
92597;50,46;;;;;
26002;43,29;;;;;
116535;0;;;;;
91283;0;;;;;
8897;0;;;;;
9961;109,07;;;108,38;;45,52
25878;;;;142,49;;
91663;34,88;;;48,85;;
4621;30,17;;;24,95;;
4638;29,65;;;40,67;;33,75
4645;39,73;;;0;;
4650;0;;;;;
9659;;32,04;;;;
51691;37,34;;;25,05;;
344148;0;;;;;
4725;;;;28,37;;
4311;;69,25;;;;
91624;0;;;;;
55922;;;;;;0
197358;;;;0;;
56001;;;;0;;
10562;;;;;;0
92106;23,11;;;;;27,02
65263;30,89;;;26,52;;
54510;30,98;;;;;
56134;0;;;;;
5098;35,44;;;;;
5154;25,42;;;27,13;;
176;97,01;50,95;;311,29;;41,32
27124;25,26;;;;;
63895;;;;0;;
54477;0;;;;;
5481;0;0;;36,51;;
253143;;;;30,17;;
9520;28,85;;;94,1;;88,09
5699;20,59;;;;;31,55
5708;47,95;;;46,88;;31,88
9861;0;;;74,39;;
5781;;;;;;28,59
5783;;;0;;;
5797;73,17;;;;;
10606;60,12;;;127,84;;52,89
158;34,13;;;50,89;;0
790;40,96;;;33,95;;
7879;13,26;;;0;;
9135;0;26,05;;;;
10111;;32,79;26,91;;;
5911;21,72;;;40,65;;
9904;0;;;;;
653489;35,24;;;;;
23504;;22,3;;;;
79890;13,37;;;;;
6141;42,82;;;82,52;;
6155;25,46;;;33,65;;
6160;41,26;;;35,96;;
6738;35,96;;;33,55;;79,25
6092;0;;;;;
5437;86,01;52,99;;;;
6185;34,4;;;;;
22800;33,77;;;43,89;;
6232;25,94;;;33,82;;
6193;;;;20,81;;
6202;40,9;;;49,46;;
284654;28,69;;;;;
25914;;;;0;;
10856;39,87;;;168,35;;84,06
6262;;0;;0;;
6277;62,91;;30,42;48,71;;
55206;26;;;26,29;;
9632;25,21;;;;;
25956;;;;0;;
7869;23,65;;20,23;28,44;;
10512;35,85;;;;;33,3
56920;54,29;;;;;
23450;21,73;;;31,87;;
2487;43,08;39,07;;;;
644717;;;;;;0
57698;35,23;;;29,1;;
57619;;;;40,21;;
7903;0;;;;;
6586;87,5;;41,89;;;
6590;27,09;;27,82;28,15;;
10051;0;;;;;
6525;;;;;;0
25992;35,35;;;63,33;;27,27
6272;42,75;;;;;
389058;0;;;;;
79925;;38,2;;;;
6704;36,14;;;48,53;;
283377;21,89;;;29,28;;
6712;18,94;;;28,01;;
6720;0;;;;;
55576;31,64;;;;;
6793;;;;0;;
55959;42,3;;;43,54;;82,5
1615;27,25;;;54,01;;
10667;0;;;;;
23224;26,59;;;0;;0
54938;34,6;;;31,9;;
8565;27,51;;;28,82;;
23306;0;;;;;
6948;153,71;;;27,21;;
6950;79,01;;;89,36;;68,91
163589;;;;29,74;;
7037;43,37;;;23,5;;
7049;223,78;48,35;22,07;29,59;;24,9
90381;27,15;0;;;;
201798;;;;41,39;;
7079;249,98;102,75;161,35;141;;61,88
79073;32,46;;;;;
338773;64,22;;;79,18;;
84283;22,06;;;;;
8742;29,33;;;;;
1861;27,25;;;;;
27348;50,72;;;86,67;;
402643;99,73;;;;;
29953;40,11;;;;;
29850;0;;;;;
5646;24,09;;;;;
7130;80,79;;;81,54;;35,32
25987;99,48;;83,34;70,19;;
7267;0;;;;;
57544;35,49;;;;;
7054;0;;;;;
55757;0;;;;;27,17
285175;;;;;;0
9341;21,49;;;;;
2277;54,7;;;;;
7432;23,73;;;23,36;;
85442;;;32,8;;;0
23230;0;;;;;
157680;;;;0;;
8839;107,71;;38,38;36,18;;
2547;;;;130,67;;63,17
152002;35,59;;;30,25;;
64132;70,93;;;83,45;;
253461;43,48;;;;;
79776;0;;;;;
58499;0;;;;;
335;;144,17;116,72;;;80,74
56244;;28,67;27,75;;;
93589;;29,77;;;;
824;;27,88;;;;
9318;;26,24;;;;
1464;;;;151,28;;
127579;;0;0;;;0
3978;;0;;;;
2033;;;0;35,76;;
2159;;45,25;;;;
55215;;;;0;;
2196;;;;;;25,92
23171;;36,32;;;;32,2
9380;;68,83;25,94;;;36,08
51454;;;0;;;
3615;;22,41;;54,03;;25,46
27258;;23,01;;29,15;;
4216;;24,64;;;;
4239;;29,26;;;;
8509;;;;;;0
4817;;;;;;30,26
4836;;27,21;;;;
57147;;;;0;;
55795;;;;22,08;;
51177;;;;0;;
5499;;43,37;;26,51;;68,01
5530;;45,07;;44,93;;45,55
9821;;;;0;;
5992;;0;;;;
57186;;0;;;;
57569;;27,36;;;;
143872;;;0;;;
6124;;;;22,03;;
6278;;42,33;;;;
6462;;30,99;34,43;;;
6829;;0;;;;
51332;;;;0;;
16;;22,65;;20,67;;
57533;;0;;;;
8295;;;;0;;
64061;;32,11;;;;
7405;;;;24,67;;
54832;;0;;;;0
55237;;36,68;;;;
165904;;;26,6;;;
51156;;61,53;47,56;;;
79699;;;35,6;;;
;;;;;;0
4703;;;;0;;
6868;;;0;;;
51129;;;54,97;;;
8546;;;17,85;29,11;;23,1
338;;;27,92;;;
345;;;24,03;;;
54507;;;27,41;;;26,87
84270;;;19,23;;;
80321;;;17,53;;;
3426;;;89,52;101,12;;
23125;;;;0;;
1272;;;20,1;;;
727;;;31,06;;;
1329;;;31,42;;;
826;;;31,38;66,15;;21,9
23404;;;;38,78;;
2137;;;20,72;;;
120114;;;0;28,15;;
23048;;;27,98;;;
152007;;;111,17;;;
55204;;;33,12;;;
2876;;;34,56;;;
4485;;;60,24;;;
3092;;;;36,5;;
57563;;;;0;;
339977;;;22,34;;;
4054;;;31,32;;;
9241;;;32,68;;;
4905;;;;33,92;;
23178;;;;;;39,84
5203;;;27,87;;;
10857;;;28,18;;;
84844;;;28,88;;;
5340;;;63,38;;;
23129;;;17,55;;;
64840;;;0;;;0
5533;;;34,44;28,59;;
10450;;;29,36;;;
159;;;;42,02;;
55159;;;;0;;
6130;;;28,38;72,74;;44,9
6203;;;;50,45;;
6493;;;24,48;;;
23371;;;30,02;0;;
81627;;;21,59;;;
7276;;;27,2;;;
8875;;;53,5;;;
7514;;;22,52;;;
49854;;;25,5;;;
57862;;;31,88;;;
55856;;;;43,83;;
48;;;;26,73;;
7965;;;;24,75;;
9590;;;;108,92;;
3276;;;;36,99;;
10552;;;;90,41;;44,29
8574;;;;30,22;;
84100;;;;23,09;;
29108;;;;33,54;;
57130;;;;28,59;;
11285;;;;29,33;;
8419;;;;0;;
148362;;;;20,7;;
28969;;;;38,16;;
114897;;;;26,95;;
759;;;;26,78;;
760;;;;22,55;;
124583;;;;37,93;;
857;;;;41,46;;
90060;;;;0;;
283234;;;;0;;
389384;;;;0;;
629;;;;24,31;;
26973;;;;27,89;;
134829;;;;0;;
730;;;;35;;
1300;;;;25,12;;
51122;;;;40,51;;
9276;;;;63,14;;
8904;;;;21,25;;27,76
1495;;;;44,03;;25,96
1499;;;;43,12;;46,3
51496;;;;0;;
51076;;;;31,11;;
23316;;;;30,21;;
79901;;;;22,44;;
1474;;;;32,38;;
55152;;;;29,39;;
84516;;;;34,77;;
5860;;;;46,88;;
353497;;;;20,21;;
92675;;;;45,66;;
1838;;;;24,6;;22,32
50506;;;;26,97;;
10938;;;;56,27;;
3646;;;;24,99;;
136227;;;;;;0
1066;;;;22,76;;49,63
57488;;;;30,29;;
2108;;;;21,28;;
441328;;;;0;;
2160;;;;26,85;;
2176;;;;29,54;;
2312;;;;22,94;;
51024;;;;38,87;;
23768;;;;;;36,18
2619;;;;23,5;;28,74
8200;;;;56,55;;
9945;;;;24,38;;
84514;;;;31,88;;
26035;;;;0;;
653125;;;;31,64;;
26003;;;;74,12;;
9555;;;;0;;
9394;;;;0;;
1982;;;;26,5;;
1983;;;;40,23;;
3494;;;;25,54;;
3839;;;;45,16;;
11005;;;;0;;
57577;;;;;;0
5214;;;;24,7;;
728279;;;;27,06;;
118426;;;;24,95;;
22798;;;;0;;
8140;;;;61,95;;
286310;;;;46,63;;
51631;;;;29,07;;
8613;;;;25,52;;
55004;;;;22,05;;
11253;;;;34,88;;
28985;;;;36,9;;
23184;;;;26,16;;21,35
4237;;;;43,66;;
4192;;;;37,26;;
9761;;;;25,5;;
84557;;;;0;;21,48
4317;;;;20;;
9123;;;;35,89;;
3340;;;;21,03;;33,38
4695;;;;23,54;;
60491;;;;30,83;;
57502;;;;38,96;;
4898;;;;58,17;;
23511;;;;0;;
11165;;;;28,51;;
23275;;;;32,52;;
55753;;;;0;;
8974;;;;25,95;;
5204;;;;37,63;;
5157;;;;41,59;;
10424;;;;27,42;;
57095;;;;36,06;;
5346;;;;61,04;;
57048;;;;62,06;;
5516;;;;28,11;;
79717;;;;53,94;;35,45
11230;;;;34,79;;
5705;;;;27,72;;
5717;;;;45,74;;0
5719;;;;28,24;;
10213;;;;69,81;;29,81
5709;;;;54,33;;
5764;;;;24,1;;
5802;;;;48,54;;
471;;;;36,52;;23,14
5814;;;;27,24;;
23011;;;;93,18;;
51715;;;;39,85;;
57826;;;;23,86;;
5928;;;;44,87;;
5955;;;;48,14;;
7905;;;;38,55;;
79785;;;;0;;
9045;;;;24,82;;
6138;;;;22,37;;
6142;;;;32,69;;
6143;;;;37,55;;
6154;;;;28,88;;
6157;;;;54,13;;
6122;;;;50,7;;
6129;;;;41,78;;
6132;;;;38,49;;
6018;;;;0;;
5436;;;;42,55;;
6194;;;;35,56;;
6627;;;;52,88;;
10900;;;;0;;
6636;;;;48,86;;
6280;;;;0;;
6284;;;;34,08;;
10484;;;;31,21;;31,71
10609;;;;64,35;;
27352;;;;0;;
9092;;;;0;;
6728;;;;21,37;;
6781;;;;116,62;;
8428;;;;;;18,05
10056;;;;0;;
5917;;;;30,34;;0
57038;;;;;;24,09
6301;;;;43,49;;
112849;;;;22,08;;64,51
10575;;;;166,29;;37,92
10728;;;;31,52;;
26011;;;;0;;
7980;;;;68,74;;
343641;;;;20,48;;
7053;;;;57,08;;
30;;;;31,43;;
26517;;;;23,64;;
64129;;;;26,85;;
261726;;;;59,26;;
25907;;;;0;;
10972;;;;48,14;;
79865;;;;0;;
55020;;;;35,85;;
23020;;;;0;;
9040;;;;0;;
7358;;;;29,49;;43,59
8883;;;;25,67;;
51028;;;;20,93;;
7511;;;;41,84;;30,59
7745;;;;0;;
79692;;;;28;;
7781;;;;31,49;;
100129278;;;;0;;
283464;;;;;;24,85
6187;;;;;;23,17
19;;;;;;0
132;;;;;;20,7
5238;;;;;;48,57
6051;;;;;;33,11
1173;;;;;;78,07
127002;;;;;;0
9531;;;;;;52,11
644;;;;;;52,63
9133;;;;;;23,68
55337;;;;;;23,1
1500;;;;;;24,3
1967;;;;;;27,67
51571;;;;;;29,07
2288;;;;;;0
5910;;;;;;23,76
80273;;;;;;27,67
57520;;;;;;22,03
10527;;;;;;26,24
55705;;;;;;20,45
3678;;;;;;27,84
84171;;;;;;42,22
57470;;;;;;26,81
124801;;;;;;43,34
4233;;;;;;64,84
253827;;;;;;27,88
126205;;;;;;28,02
4856;;;;;;67,72
55690;;;;;;27,62
192111;;;;;;17,21
5310;;;;;;0
10343;;;;;;0
257068;;;;;;44,01
5621;;;;;;23,17
391356;;;;;;21,18
5905;;;;;;23,96
10949;;;;;;25,04
51493;;;;;;42,21
342618;;;;;;0
57213;;;;;;0
22929;;;;;;21,21
6772;;;;;;43,4
11171;;;;;;66,82
6812;;;;;;65,07
94120;;;;;;23,07
54881;;;;;;0
7073;;;;;;34,34
7111;;;;;;29,57
3842;;;;;;51,92
7265;;;;;;20,4
7326;;;;;;30,78
10090;;;;;;34,14
523;;;;;;31,03
7520;;;;;;0
8882;;;;;;21,19
